Search term	Match type	Added/Excluded	Campaign	Ad group	Clicks	Impr.	CTR	Currency code	Avg. CPC	Cost	Campaign type	Conv. rate	Conversions	Cost / conv.
car for rent in hubli	Exact match (close variant)	None	03/22/2026 New Campaign	Ad group 1	5	30	16.67%	INR	14.34	71.70	Search	0.00%	0.00	0.00
sai cabs hubli taxi service in hubli	Phrase match	None	03/22/2026 New Campaign	Ad group 1	0	1	0.00%	INR	0	0.00	Search	0.00%	0.00	0.00
hubli to kapda	Broad match	None	Campaign #1	Ad group 1	0	1	0.00%	INR	0	0.00	Search	0.00%	0.00	0.00
bharath taxi	Phrase match (close variant)	None	Campaign #1	Ad group 1	0	4	0.00%	INR	0	0.00	Search	0.00%	0.00	0.00
zoom car rentals	Broad match	None	Campaign #1	Ad group 1	0	1	0.00%	INR	0	0.00	Search	0.00%	0.00	0.00
best travel agency in hubli	Broad match	None	Campaign #1	Ad group 1	0	1	0.00%	INR	0	0.00	Search	0.00%	0.00	0.00
hubli car rental outstation	Exact match (close variant)	None	New Campaign 05/03	Car Rental With Driver	0	3	0.00%	INR	0	0.00	Search	0.00%	0.00	0.00
sai cabs hubli taxi service in hubli	Phrase match	None	LEADS 11/04	Ad group 1	0	3	0.00%	INR	0	0.00	Search	0.00%	0.00	0.00
trishika car rental hubli	Phrase match	None	LEADS 11/04	Ad group 1	2	6	33.33%	INR	12.56	25.12	Search	0.00%	0.00	0.00
hubli to gokarna cab price	Phrase match (close variant)	None	LEADS 11/04	Ad group 1	0	2	0.00%	INR	0	0.00	Search	0.00%	0.00	0.00
shiva cabs hubli	Phrase match (close variant)	None	03/22/2026 New Campaign	Ad group 1	0	3	0.00%	INR	0	0.00	Search	0.00%	0.00	0.00
rental cars hubli	Exact match (close variant)	None	03/22/2026 New Campaign	Ad group 1	6	63	9.52%	INR	17.13	102.78	Search	0.00%	0.00	0.00
dharwad to hubli airport taxi	Phrase match	None	03/22/2026 New Campaign	Ad group 1	0	1	0.00%	INR	0	0.00	Search	0.00%	0.00	0.00
self drive car rental hubli	Exact match (close variant)	None	Campaign #1	Ad group 1	0	3	0.00%	INR	0	0.00	Search	0.00%	0.00	0.00
hubli cab services	Broad match	None	Campaign #1	Ad group 1	0	1	0.00%	INR	0	0.00	Search	0.00%	0.00	0.00
best cab service in hubli	Broad match	None	Campaign #1	Ad group 1	0	3	0.00%	INR	0	0.00	Search	0.00%	0.00	0.00
online cab booking	Exact match (close variant)	None	Campaign #1	Ad group 1	0	1	0.00%	INR	0	0.00	Search	0.00%	0.00	0.00
hubli car rental	Broad match	None	Campaign #1	Ad group 1	3	36	8.33%	INR	3.76	11.28	Search	0.00%	0.00	0.00
car rental in hubli	Exact match	Added	New Campaign 05/03	Car Rental With Driver	31	309	10.03%	INR	23.61	732.03	Search	16.13%	5.00	146.41
hubli to goa cabs	Phrase match (close variant)	None	New Campaign 05/03	Taxi Service	0	1	0.00%	INR	0	0.00	Search	0.00%	0.00	0.00
rapido service in hubli	Phrase match (close variant)	None	New Campaign 05/03	Taxi Service	0	2	0.00%	INR	0	0.00	Search	0.00%	0.00	0.00
namma yatri available in hubli	Phrase match (close variant)	None	03/22/2026 New Campaign	Ad group 1	0	1	0.00%	INR	0	0.00	Search	0.00%	0.00	0.00
hubli airport taxi service	Exact match (close variant)	None	03/22/2026 New Campaign	Ad group 1	0	1	0.00%	INR	0	0.00	Search	0.00%	0.00	0.00
car for rent hubli	Exact match (close variant)	None	03/22/2026 New Campaign	Ad group 1	2	32	6.25%	INR	19.21	38.42	Search	0.00%	0.00	0.00
hubballi travels	Broad match	None	Campaign #1	Ad group 1	0	1	0.00%	INR	0	0.00	Search	0.00%	0.00	0.00
tourist cars near me	Broad match	None	Campaign #1	Ad group 1	0	2	0.00%	INR	0	0.00	Search	0.00%	0.00	0.00
self drive cars in hubli dharwad	Phrase match (close variant)	None	Campaign #1	Ad group 1	0	1	0.00%	INR	0	0.00	Search	0.00%	0.00	0.00
tour and travels in hubli	Broad match	None	Campaign #1	Ad group 1	0	2	0.00%	INR	0	0.00	Search	0.00%	0.00	0.00
airport near me	Broad match	None	Campaign #1	Ad group 1	0	1	0.00%	INR	0	0.00	Search	0.00%	0.00	0.00
eeco car rent per km	Broad match	None	Campaign #1	Ad group 1	0	1	0.00%	INR	0	0.00	Search	0.00%	0.00	0.00
bila bila cab	Broad match	None	Campaign #1	Ad group 1	0	1	0.00%	INR	0	0.00	Search	0.00%	0.00	0.00
best car rental in hubli	Exact match (close variant)	None	Campaign #1	Ad group 1	1	5	20.00%	INR	5.21	5.21	Search	0.00%	0.00	0.00
hubli to goa taxi	Phrase match (close variant)	None	New Campaign 05/03	Car Rental With Driver	1	1	100.00%	INR	19.82	19.82	Search	0.00%	0.00	0.00
hubli to belgaum taxi	Phrase match (close variant)	None	New Campaign 05/03	Car Rental With Driver	0	1	0.00%	INR	0	0.00	Search	0.00%	0.00	0.00
rental cars in hubli without driver	Exact match (close variant)	None	LEADS 11/04	Ad group 1	5	13	38.46%	INR	23.49	117.46	Search	0.00%	0.00	0.00
hubli cars	Exact match (close variant)	None	LEADS 11/04	Ad group 1	2	18	11.11%	INR	23.42	46.84	Search	0.00%	0.00	0.00
hubli to goa car rental price	Phrase match (close variant)	None	LEADS 11/04	Ad group 1	0	9	0.00%	INR	0	0.00	Search	0.00%	0.00	0.00
car for rent hubli	Exact match (close variant)	None	LEADS 11/04	Ad group 1	7	38	18.42%	INR	23.37	163.56	Search	14.29%	1.00	163.56
hubli car rental	Exact match (close variant)	Added	LEADS 11/04	Ad group 1	0	6	0.00%	INR	0	0.00	Search	0.00%	0.00	0.00
cab services in hubli	Exact match (close variant)	None	03/22/2026 New Campaign	Ad group 1	0	12	0.00%	INR	0	0.00	Search	0.00%	0.00	0.00
top rated taxi	Broad match	None	Campaign #1	Ad group 1	0	1	0.00%	INR	0	0.00	Search	0.00%	0.00	0.00
hubli cab service	Phrase match (close variant)	None	Campaign #1	Ad group 1	0	3	0.00%	INR	0	0.00	Search	0.00%	0.00	0.00
automobiles hubli	Broad match	None	Campaign #1	Ad group 1	0	1	0.00%	INR	0	0.00	Search	0.00%	0.00	0.00
hubli to dandeli cab	Phrase match (close variant)	None	New Campaign 05/03	Car Rental With Driver	0	1	0.00%	INR	0	0.00	Search	0.00%	0.00	0.00
hubli cab service	Exact match (close variant)	None	New Campaign 05/03	Car Rental With Driver	0	1	0.00%	INR	0	0.00	Search	0.00%	0.00	0.00
tirupati cabs hubli	Phrase match (close variant)	None	New Campaign 05/03	Taxi Service	0	3	0.00%	INR	0	0.00	Search	0.00%	0.00	0.00
innova rent per km in hubli	Phrase match (close variant)	None	LEADS 11/04	Ad group 1	0	1	0.00%	INR	0	0.00	Search	0.00%	0.00	0.00
cabs in hubli	Exact match	Added	LEADS 11/04	Ad group 1	9	67	13.43%	INR	23.53	211.77	Search	0.00%	0.00	0.00
hubli to belgaum taxi	Phrase match (close variant)	None	03/22/2026 New Campaign	Ad group 1	0	3	0.00%	INR	0	0.00	Search	0.00%	0.00	0.00
online taxi service near me	Broad match	None	Campaign #1	Ad group 1	0	2	0.00%	INR	0	0.00	Search	0.00%	0.00	0.00
car rental in hubli without driver	Phrase match	None	Campaign #1	Ad group 1	0	1	0.00%	INR	0	0.00	Search	0.00%	0.00	0.00
best car service in hubli	Exact match (close variant)	None	Campaign #1	Ad group 1	0	1	0.00%	INR	0	0.00	Search	0.00%	0.00	0.00
ats cab	Broad match	None	Campaign #1	Ad group 1	0	1	0.00%	INR	0	0.00	Search	0.00%	0.00	0.00
bharat taxi app	Phrase match (close variant)	None	Campaign #1	Ad group 1	0	1	0.00%	INR	0	0.00	Search	0.00%	0.00	0.00
hubli to murudeshwar cab fare	Phrase match (close variant)	None	Campaign #1	Ad group 1	0	3	0.00%	INR	0	0.00	Search	0.00%	0.00	0.00
rental cars in hubli without driver	Phrase match	None	LEADS 11/04	Ad group 1	1	5	20.00%	INR	24.97	24.97	Search	0.00%	0.00	0.00
taxi rates in hubli	Phrase match (close variant)	None	LEADS 11/04	Ad group 1	0	10	0.00%	INR	0	0.00	Search	0.00%	0.00	0.00
hubli airport taxi	Phrase match (close variant)	Added	03/22/2026 New Campaign	Ad group 1	0	2	0.00%	INR	0	0.00	Search	0.00%	0.00	0.00
cabs in hubli	Exact match	Added	03/22/2026 New Campaign	Ad group 1	8	126	6.35%	INR	19.15	153.23	Search	0.00%	0.00	0.00
rapido auto online booking	Phrase match (close variant)	None	Campaign #1	Ad group 1	0	1	0.00%	INR	0	0.00	Search	0.00%	0.00	0.00
online taxi booking number	Broad match	None	Campaign #1	Ad group 1	0	1	0.00%	INR	0	0.00	Search	0.00%	0.00	0.00
outstation taxi booking	Broad match	None	Campaign #1	Ad group 1	0	2	0.00%	INR	0	0.00	Search	0.00%	0.00	0.00
nearest cab service near me	Phrase match (close variant)	None	Campaign #1	Ad group 1	1	1	100.00%	INR	1.93	1.93	Search	0.00%	0.00	0.00
car drivers in hubli	Broad match	None	Campaign #1	Ad group 1	0	2	0.00%	INR	0	0.00	Search	0.00%	0.00	0.00
taxi price	Broad match	None	Campaign #1	Ad group 1	0	1	0.00%	INR	0	0.00	Search	0.00%	0.00	0.00
any cab service near me	Phrase match (close variant)	None	Campaign #1	Ad group 1	0	1	0.00%	INR	0	0.00	Search	0.00%	0.00	0.00
www taxisafar com	Broad match	None	Campaign #1	Ad group 1	0	1	0.00%	INR	0	0.00	Search	0.00%	0.00	0.00
ola kaise book kare	Phrase match (close variant)	None	Campaign #1	Ad group 1	0	1	0.00%	INR	0	0.00	Search	0.00%	0.00	0.00
hubli to goa taxi price	Phrase match (close variant)	None	New Campaign 05/03	Taxi Service	0	3	0.00%	INR	0	0.00	Search	0.00%	0.00	0.00
hubli taxi service rates	Phrase match (close variant)	None	New Campaign 05/03	Taxi Service	0	2	0.00%	INR	0	0.00	Search	0.00%	0.00	0.00
car rental in hubli	Exact match (close variant)	None	New Campaign 05/03	Taxi Service	0	2	0.00%	INR	0	0.00	Search	0.00%	0.00	0.00
luxury cars for rent in hubli	Phrase match (close variant)	None	LEADS 11/04	Ad group 1	0	2	0.00%	INR	0	0.00	Search	0.00%	0.00	0.00
uber cabs	Broad match	None	Campaign #1	Ad group 1	0	2	0.00%	INR	0	0.00	Search	0.00%	0.00	0.00
bangalore to hubli	Broad match	None	Campaign #1	Ad group 1	0	1	0.00%	INR	0	0.00	Search	0.00%	0.00	0.00
maruti eeco rent	Broad match	None	Campaign #1	Ad group 1	0	2	0.00%	INR	0	0.00	Search	0.00%	0.00	0.00
cab charges per km	Phrase match (close variant)	None	Campaign #1	Ad group 1	0	1	0.00%	INR	0	0.00	Search	0.00%	0.00	0.00
dharwad near places	Broad match	None	Campaign #1	Ad group 1	0	1	0.00%	INR	0	0.00	Search	0.00%	0.00	0.00
self car rental in hubli	Broad match	None	Campaign #1	Ad group 1	1	7	14.29%	INR	4.74	4.74	Search	0.00%	0.00	0.00
olabook	Broad match	None	Campaign #1	Ad group 1	0	1	0.00%	INR	0	0.00	Search	0.00%	0.00	0.00
hubli airport taxi service	Phrase match (close variant)	None	New Campaign 05/03	Taxi Service	0	1	0.00%	INR	0	0.00	Search	0.00%	0.00	0.00
hubli airport to dharwad taxi charges	Phrase match (close variant)	None	New Campaign 05/03	Car Rental With Driver	0	1	0.00%	INR	0	0.00	Search	0.00%	0.00	0.00
car rent hubli	Phrase match (close variant)	None	LEADS 11/04	Ad group 1	1	1	100.00%	INR	22.34	22.34	Search	0.00%	0.00	0.00
hubli to gokarna cab fare	Phrase match (close variant)	None	LEADS 11/04	Ad group 1	0	2	0.00%	INR	0	0.00	Search	0.00%	0.00	0.00
hubli to belgaum cab	Phrase match (close variant)	None	LEADS 11/04	Ad group 1	1	3	33.33%	INR	24.78	24.78	Search	100.00%	1.00	24.78
blusmart cab booking	Phrase match (close variant)	None	Campaign #1	Ad group 1	0	1	0.00%	INR	0	0.00	Search	0.00%	0.00	0.00
nearby taxi service	Broad match	None	Campaign #1	Ad group 1	1	4	25.00%	INR	2.10	2.10	Search	0.00%	0.00	0.00
inter city cab	Broad match	None	Campaign #1	Ad group 1	0	2	0.00%	INR	0	0.00	Search	0.00%	0.00	0.00
taxi in hubli for outstation	Phrase match (close variant)	None	Campaign #1	Ad group 1	0	1	0.00%	INR	0	0.00	Search	0.00%	0.00	0.00
self drive cars hubli	Exact match (close variant)	None	Campaign #1	Ad group 1	4	8	50.00%	INR	2.00	7.99	Search	0.00%	0.00	0.00
car rental in hubli with driver	Broad match	None	Campaign #1	Ad group 1	2	7	28.57%	INR	9.27	18.54	Search	0.00%	0.00	0.00
car rental in hubli with driver	Phrase match	None	Campaign #1	Ad group 1	0	1	0.00%	INR	0	0.00	Search	0.00%	0.00	0.00
bala bala taxi	Broad match	None	Campaign #1	Ad group 1	0	6	0.00%	INR	0	0.00	Search	0.00%	0.00	0.00
taxi group	Broad match	None	Campaign #1	Ad group 1	0	1	0.00%	INR	0	0.00	Search	0.00%	0.00	0.00
ola taxi	Phrase match (close variant)	None	Campaign #1	Ad group 1	0	5	0.00%	INR	0	0.00	Search	0.00%	0.00	0.00
tempo for rent	Broad match	None	Campaign #1	Ad group 1	1	1	100.00%	INR	1.43	1.43	Search	0.00%	0.00	0.00
car rental in hubli	Exact match	Added	Campaign #1	Ad group 1	15	158	9.49%	INR	44.78	671.69	Search	0.00%	0.00	0.00
rent a car hubli	Exact match (close variant)	None	New Campaign 05/03	Car Rental With Driver	2	12	16.67%	INR	19.69	39.37	Search	0.00%	0.00	0.00
hubli to goa cab fare	Phrase match (close variant)	None	03/22/2026 New Campaign	Ad group 1	0	1	0.00%	INR	0	0.00	Search	0.00%	0.00	0.00
cab service in hubli	Exact match (close variant)	Added	LEADS 11/04	Ad group 1	0	38	0.00%	INR	0	0.00	Search	0.00%	0.00	0.00
hubli taxi rental	Exact match (close variant)	None	LEADS 11/04	Ad group 1	0	3	0.00%	INR	0	0.00	Search	0.00%	0.00	0.00
bharat taxi	Phrase match (close variant)	None	Campaign #1	Ad group 1	0	12	0.00%	INR	0	0.00	Search	0.00%	0.00	0.00
zoom car hubli	Broad match	None	Campaign #1	Ad group 1	0	2	0.00%	INR	0	0.00	Search	0.00%	0.00	0.00
auto booking near me	Broad match	None	Campaign #1	Ad group 1	0	1	0.00%	INR	0	0.00	Search	0.00%	0.00	0.00
car rental dharwad	Broad match	None	Campaign #1	Ad group 1	1	15	6.67%	INR	6.26	6.26	Search	0.00%	0.00	0.00
hubli se bengaluru	Broad match	None	Campaign #1	Ad group 1	0	2	0.00%	INR	0	0.00	Search	0.00%	0.00	0.00
best car service in hubli	Exact match (close variant)	None	New Campaign 05/03	Taxi Service	0	4	0.00%	INR	0	0.00	Search	0.00%	0.00	0.00
manikanta cabs hubli	Phrase match (close variant)	None	New Campaign 05/03	Taxi Service	0	5	0.00%	INR	0	0.00	Search	0.00%	0.00	0.00
car for rent in hubli	Exact match	Added	LEADS 11/04	Ad group 1	12	38	31.58%	INR	21.18	254.17	Search	0.00%	0.00	0.00
cabs hubli	Exact match (close variant)	None	LEADS 11/04	Ad group 1	0	80	0.00%	INR	0	0.00	Search	0.00%	0.00	0.00
best taxi service in hubli	Exact match	Added	Campaign #1	Ad group 1	1	14	7.14%	INR	3.14	3.14	Search	0.00%	0.00	0.00
force urbania for rent in hubli	Broad match	None	Campaign #1	Ad group 1	1	2	50.00%	INR	41.51	41.51	Search	0.00%	0.00	0.00
ola cabs online booking	Phrase match (close variant)	None	Campaign #1	Ad group 1	0	1	0.00%	INR	0	0.00	Search	0.00%	0.00	0.00
p&p travels dharwad	Broad match	None	Campaign #1	Ad group 1	0	1	0.00%	INR	0	0.00	Search	0.00%	0.00	0.00
hubli car rental	Exact match (close variant)	None	New Campaign 05/03	Car Rental With Driver	9	77	11.69%	INR	18.33	165.01	Search	0.00%	0.00	0.00
hubli car rent	Exact match (close variant)	None	LEADS 11/04	Ad group 1	1	11	9.09%	INR	24.92	24.92	Search	0.00%	0.00	0.00
taxi service in hubli airport	Exact match (close variant)	Added	LEADS 11/04	Ad group 1	0	3	0.00%	INR	0	0.00	Search	0.00%	0.00	0.00
hubli car	Exact match (close variant)	None	LEADS 11/04	Ad group 1	0	10	0.00%	INR	0	0.00	Search	0.00%	0.00	0.00
car rental in hubli with driver	Exact match (close variant)	None	New Campaign 05/03	Car Rental With Driver	1	12	8.33%	INR	18.24	18.24	Search	0.00%	0.00	0.00
gadi book	Phrase match (close variant)	None	Campaign #1	Ad group 1	0	1	0.00%	INR	0	0.00	Search	0.00%	0.00	0.00
rent a car in hubli with driver	Broad match	None	Campaign #1	Ad group 1	0	3	0.00%	INR	0	0.00	Search	0.00%	0.00	0.00
ola dehradun	Broad match	None	Campaign #1	Ad group 1	0	1	0.00%	INR	0	0.00	Search	0.00%	0.00	0.00
hubli to dandeli	Broad match	None	Campaign #1	Ad group 1	0	1	0.00%	INR	0	0.00	Search	0.00%	0.00	0.00
car travel agency near me	Broad match	None	Campaign #1	Ad group 1	0	2	0.00%	INR	0	0.00	Search	0.00%	0.00	0.00
k k travels	Broad match	None	Campaign #1	Ad group 1	0	1	0.00%	INR	0	0.00	Search	0.00%	0.00	0.00
taxi service in dharwad	Broad match	None	Campaign #1	Ad group 1	0	2	0.00%	INR	0	0.00	Search	0.00%	0.00	0.00
hubli to udupi	Broad match	None	Campaign #1	Ad group 1	0	1	0.00%	INR	0	0.00	Search	0.00%	0.00	0.00
car by rent	Broad match	None	Campaign #1	Ad group 1	0	1	0.00%	INR	0	0.00	Search	0.00%	0.00	0.00
tavera booking	Broad match	None	Campaign #1	Ad group 1	0	1	0.00%	INR	0	0.00	Search	0.00%	0.00	0.00
taxi service in hubli airport	Phrase match	None	Campaign #1	Ad group 1	1	20	5.00%	INR	23.94	23.94	Search	0.00%	0.00	0.00
balaji cabs in	Phrase match (close variant)	None	Campaign #1	Ad group 1	0	1	0.00%	INR	0	0.00	Search	0.00%	0.00	0.00
hubli airport taxi service	Phrase match (close variant)	None	03/22/2026 New Campaign	Ad group 1	0	6	0.00%	INR	0	0.00	Search	0.00%	0.00	0.00
car rental in hubli dharwad	Exact match (close variant)	None	LEADS 11/04	Ad group 1	2	8	25.00%	INR	24.83	49.66	Search	0.00%	0.00	0.00
hubli rapido	Phrase match (close variant)	None	LEADS 11/04	Ad group 1	0	5	0.00%	INR	0	0.00	Search	0.00%	0.00	0.00
tempo traveller rent in hubli	Broad match	None	Campaign #1	Ad group 1	0	2	0.00%	INR	0	0.00	Search	0.00%	0.00	0.00
self drive car in hubli	Exact match (close variant)	None	Campaign #1	Ad group 1	0	6	0.00%	INR	0	0.00	Search	0.00%	0.00	0.00
hubli taxi service	Exact match (close variant)	None	Campaign #1	Ad group 1	0	7	0.00%	INR	0	0.00	Search	0.00%	0.00	0.00
intercity cab service	Phrase match (close variant)	None	Campaign #1	Ad group 1	0	1	0.00%	INR	0	0.00	Search	0.00%	0.00	0.00
book car on rent	Broad match	None	Campaign #1	Ad group 1	0	1	0.00%	INR	0	0.00	Search	0.00%	0.00	0.00
ballia cab service	Phrase match (close variant)	None	Campaign #1	Ad group 1	0	1	0.00%	INR	0	0.00	Search	0.00%	0.00	0.00
rent car in hubli	Broad match	None	Campaign #1	Ad group 1	0	5	0.00%	INR	0	0.00	Search	0.00%	0.00	0.00
rent a car in hubli with driver	Exact match (close variant)	None	New Campaign 05/03	Car Rental With Driver	1	6	16.67%	INR	19.85	19.85	Search	0.00%	0.00	0.00
tirupati cabs hubli dharwad	Phrase match (close variant)	None	03/22/2026 New Campaign	Ad group 1	0	2	0.00%	INR	0	0.00	Search	0.00%	0.00	0.00
shiva cabs hubli	Phrase match (close variant)	None	LEADS 11/04	Ad group 1	0	6	0.00%	INR	0	0.00	Search	0.00%	0.00	0.00
hubli self drive car rental	Exact match (close variant)	None	LEADS 11/04	Ad group 1	0	2	0.00%	INR	0	0.00	Search	0.00%	0.00	0.00
tourister van booking	Broad match	None	Campaign #1	Ad group 1	0	1	0.00%	INR	0	0.00	Search	0.00%	0.00	0.00
hubli second hand car showroom yellow board	Broad match	None	Campaign #1	Ad group 1	0	1	0.00%	INR	0	0.00	Search	0.00%	0.00	0.00
savaari car rentals	Broad match	None	Campaign #1	Ad group 1	0	1	0.00%	INR	0	0.00	Search	0.00%	0.00	0.00
hubli dharwad cabs	Broad match	None	Campaign #1	Ad group 1	0	2	0.00%	INR	0	0.00	Search	0.00%	0.00	0.00
rent tempo traveller near me	Broad match	None	Campaign #1	Ad group 1	0	2	0.00%	INR	0	0.00	Search	0.00%	0.00	0.00
swift dzire rent per km rate	Broad match	None	Campaign #1	Ad group 1	0	1	0.00%	INR	0	0.00	Search	0.00%	0.00	0.00
taxi from hubli to goa	Phrase match (close variant)	None	New Campaign 05/03	Car Rental With Driver	0	1	0.00%	INR	0	0.00	Search	0.00%	0.00	0.00
hubli cars	Exact match (close variant)	None	New Campaign 05/03	Car Rental With Driver	0	2	0.00%	INR	0	0.00	Search	0.00%	0.00	0.00
tempo traveller rent in hubli	Phrase match (close variant)	None	Campaign #1	Ad group 1	1	3	33.33%	INR	0.34	0.34	Search	0.00%	0.00	0.00
rental cars and bikes near me	Broad match	None	Campaign #1	Ad group 1	0	1	0.00%	INR	0	0.00	Search	0.00%	0.00	0.00
taxi in hubli	Phrase match (close variant)	None	Campaign #1	Ad group 1	0	2	0.00%	INR	0	0.00	Search	0.00%	0.00	0.00
bangalore to hubli by car	Broad match	None	Campaign #1	Ad group 1	0	1	0.00%	INR	0	0.00	Search	0.00%	0.00	0.00
taxi number	Phrase match (close variant)	None	Campaign #1	Ad group 1	0	1	0.00%	INR	0	0.00	Search	0.00%	0.00	0.00
cab services in hubli	Exact match (close variant)	None	New Campaign 05/03	Car Rental With Driver	0	9	0.00%	INR	0	0.00	Search	0.00%	0.00	0.00
rental cars in hubli	Exact match (close variant)	None	03/22/2026 New Campaign	Ad group 1	17	180	9.44%	INR	16.20	275.37	Search	0.00%	0.00	0.00
hubli car rental outstation	Exact match (close variant)	None	03/22/2026 New Campaign	Ad group 1	0	11	0.00%	INR	0	0.00	Search	0.00%	0.00	0.00
best car service in hubli	Exact match (close variant)	None	03/22/2026 New Campaign	Ad group 1	0	1	0.00%	INR	0	0.00	Search	0.00%	0.00	0.00
hubli taxi booking	Exact match (close variant)	None	03/22/2026 New Campaign	Ad group 1	0	6	0.00%	INR	0	0.00	Search	0.00%	0.00	0.00
self driven cars in hubli	Exact match (close variant)	None	LEADS 11/04	Ad group 1	4	13	30.77%	INR	23.53	94.10	Search	0.00%	0.00	0.00
khatu shyam taxi service	Phrase match (close variant)	None	Campaign #1	Ad group 1	0	1	0.00%	INR	0	0.00	Search	0.00%	0.00	0.00
car rental near me open now	Broad match	None	Campaign #1	Ad group 1	0	1	0.00%	INR	0	0.00	Search	0.00%	0.00	0.00
cab fare	Broad match	None	Campaign #1	Ad group 1	0	1	0.00%	INR	0	0.00	Search	0.00%	0.00	0.00
second hand cars in hubli dharwad	Broad match	None	Campaign #1	Ad group 1	0	1	0.00%	INR	0	0.00	Search	0.00%	0.00	0.00
taxis near me	Broad match	None	Campaign #1	Ad group 1	1	2	50.00%	INR	9.48	9.48	Search	0.00%	0.00	0.00
cars on rent	Broad match	None	Campaign #1	Ad group 1	0	1	0.00%	INR	0	0.00	Search	0.00%	0.00	0.00
car taxi service near me	Broad match	None	Campaign #1	Ad group 1	0	1	0.00%	INR	0	0.00	Search	0.00%	0.00	0.00
online rapido booking	Phrase match (close variant)	None	Campaign #1	Ad group 1	0	1	0.00%	INR	0	0.00	Search	0.00%	0.00	0.00
tt vehicle	Broad match	None	Campaign #1	Ad group 1	0	1	0.00%	INR	0	0.00	Search	0.00%	0.00	0.00
hubli car rental service	Exact match (close variant)	None	03/22/2026 New Campaign	Ad group 1	3	15	20.00%	INR	19.60	58.80	Search	0.00%	0.00	0.00
hubli to gokarna cab	Phrase match (close variant)	None	LEADS 11/04	Ad group 1	0	1	0.00%	INR	0	0.00	Search	0.00%	0.00	0.00
car rental in hubli	Phrase match (close variant)	Added	LEADS 11/04	Ad group 1	0	1	0.00%	INR	0	0.00	Search	0.00%	0.00	0.00
airavat cab hubballi	Phrase match (close variant)	None	LEADS 11/04	Ad group 1	0	1	0.00%	INR	0	0.00	Search	0.00%	0.00	0.00
near by car rentals	Broad match	None	Campaign #1	Ad group 1	0	1	0.00%	INR	0	0.00	Search	0.00%	0.00	0.00
cab service	Broad match	None	Campaign #1	Ad group 1	0	5	0.00%	INR	0	0.00	Search	0.00%	0.00	0.00
swift dzire rental price	Broad match	None	Campaign #1	Ad group 1	0	1	0.00%	INR	0	0.00	Search	0.00%	0.00	0.00
online cab booking app	Broad match	None	Campaign #1	Ad group 1	0	1	0.00%	INR	0	0.00	Search	0.00%	0.00	0.00
best travels in hubli	Broad match	None	Campaign #1	Ad group 1	0	6	0.00%	INR	0	0.00	Search	0.00%	0.00	0.00
hubli taxi service	Phrase match (close variant)	None	Campaign #1	Ad group 1	0	2	0.00%	INR	0	0.00	Search	0.00%	0.00	0.00
taxi	Broad match	None	Campaign #1	Ad group 1	0	7	0.00%	INR	0	0.00	Search	0.00%	0.00	0.00
rapido book	Phrase match (close variant)	None	Campaign #1	Ad group 1	2	12	16.67%	INR	29.18	58.35	Search	0.00%	0.00	0.00
hubli car rental with driver	Exact match (close variant)	None	03/22/2026 New Campaign	Ad group 1	1	13	7.69%	INR	19.81	19.81	Search	0.00%	0.00	0.00
hubli car rental	Exact match (close variant)	None	03/22/2026 New Campaign	Ad group 1	18	241	7.47%	INR	15.59	280.60	Search	5.56%	1.00	280.60
car rental hubli without driver	Phrase match (close variant)	None	LEADS 11/04	Ad group 1	0	5	0.00%	INR	0	0.00	Search	0.00%	0.00	0.00
self car rental in hubli	Exact match (close variant)	None	LEADS 11/04	Ad group 1	1	21	4.76%	INR	23.73	23.73	Search	0.00%	0.00	0.00
hubli to gokarna car rental	Phrase match (close variant)	None	LEADS 11/04	Ad group 1	0	2	0.00%	INR	0	0.00	Search	0.00%	0.00	0.00
tourist car for rent	Broad match	None	Campaign #1	Ad group 1	0	1	0.00%	INR	0	0.00	Search	0.00%	0.00	0.00
ertiga travel	Broad match	None	Campaign #1	Ad group 1	0	1	0.00%	INR	0	0.00	Search	0.00%	0.00	0.00
near me taxi service	Broad match	None	Campaign #1	Ad group 1	0	1	0.00%	INR	0	0.00	Search	0.00%	0.00	0.00
hubli station	Broad match	None	Campaign #1	Ad group 1	1	1	100.00%	INR	0.39	0.39	Search	0.00%	0.00	0.00
taxi in dharwad	Phrase match (close variant)	None	Campaign #1	Ad group 1	0	1	0.00%	INR	0	0.00	Search	0.00%	0.00	0.00
car rental in hubli with driver	Phrase match	None	New Campaign 05/03	Car Rental With Driver	0	3	0.00%	INR	0	0.00	Search	0.00%	0.00	0.00
is rapido available in hubli	Phrase match (close variant)	None	03/22/2026 New Campaign	Ad group 1	0	1	0.00%	INR	0	0.00	Search	0.00%	0.00	0.00
hubli car hire	Exact match (close variant)	None	03/22/2026 New Campaign	Ad group 1	0	1	0.00%	INR	0	0.00	Search	0.00%	0.00	0.00
hubli car rental service	Exact match (close variant)	None	LEADS 11/04	Ad group 1	4	43	9.30%	INR	24.42	97.68	Search	0.00%	0.00	0.00
hubli airport taxi service	Phrase match (close variant)	None	LEADS 11/04	Ad group 1	0	2	0.00%	INR	0	0.00	Search	0.00%	0.00	0.00
goa to hubli taxi	Phrase match (close variant)	None	LEADS 11/04	Ad group 1	0	6	0.00%	INR	0	0.00	Search	0.00%	0.00	0.00
best taxi service in hubli	Exact match (close variant)	None	LEADS 11/04	Ad group 1	1	72	1.39%	INR	23.65	23.65	Search	0.59%	0.01	3986.18
car service hubli	Exact match (close variant)	None	LEADS 11/04	Ad group 1	0	3	0.00%	INR	0	0.00	Search	0.00%	0.00	0.00
cab service hubli	Exact match (close variant)	Added	LEADS 11/04	Ad group 1	0	6	0.00%	INR	0	0.00	Search	0.00%	0.00	0.00
toofan car 14 seater rent price	Broad match	None	Campaign #1	Ad group 1	0	1	0.00%	INR	0	0.00	Search	0.00%	0.00	0.00
ola cab price for 20 km	Phrase match (close variant)	None	Campaign #1	Ad group 1	0	1	0.00%	INR	0	0.00	Search	0.00%	0.00	0.00
taxi service	Broad match	None	Campaign #1	Ad group 1	0	1	0.00%	INR	0	0.00	Search	0.00%	0.00	0.00
red taxi rate per km	Phrase match (close variant)	None	Campaign #1	Ad group 1	0	1	0.00%	INR	0	0.00	Search	0.00%	0.00	0.00
tt travels	Broad match	None	Campaign #1	Ad group 1	0	3	0.00%	INR	0	0.00	Search	0.00%	0.00	0.00
car rent in hubli	Exact match (close variant)	None	Campaign #1	Ad group 1	0	1	0.00%	INR	0	0.00	Search	0.00%	0.00	0.00
taxi dharwad	Broad match	None	Campaign #1	Ad group 1	0	2	0.00%	INR	0	0.00	Search	0.00%	0.00	0.00
taxi services in hubli	Exact match (close variant)	None	New Campaign 05/03	Car Rental With Driver	0	17	0.00%	INR	0	0.00	Search	0.00%	0.00	0.00
rent a car in hubli	Exact match (close variant)	None	New Campaign 05/03	Car Rental With Driver	2	1	200.00%	INR	19.95	39.90	Search	0.00%	0.00	0.00
shashi cabs hubli	Phrase match (close variant)	None	New Campaign 05/03	Car Rental With Driver	1	1	100.00%	INR	19.52	19.52	Search	0.00%	0.00	0.00
car booking hubli	Exact match (close variant)	None	03/22/2026 New Campaign	Ad group 1	7	38	18.42%	INR	19.10	133.70	Search	0.00%	0.00	0.00
car rental hubli	Exact match	Added	LEADS 11/04	Ad group 1	35	310	11.29%	INR	19.21	672.42	Search	0.00%	0.00	0.00
self rental cars in hubli	Exact match (close variant)	None	LEADS 11/04	Ad group 1	1	7	14.29%	INR	24.96	24.96	Search	0.00%	0.00	0.00
ola auto	Phrase match (close variant)	None	Campaign #1	Ad group 1	1	5	20.00%	INR	9.70	9.70	Search	0.00%	0.00	0.00
ola cab app	Phrase match (close variant)	None	Campaign #1	Ad group 1	1	1	100.00%	INR	44.25	44.25	Search	0.00%	0.00	0.00
travels car near me	Broad match	None	Campaign #1	Ad group 1	0	1	0.00%	INR	0	0.00	Search	0.00%	0.00	0.00
fastrack cabs	Broad match	None	Campaign #1	Ad group 1	0	2	0.00%	INR	0	0.00	Search	0.00%	0.00	0.00
uber booking	Phrase match (close variant)	None	Campaign #1	Ad group 1	0	8	0.00%	INR	0	0.00	Search	0.00%	0.00	0.00
one way cab	Broad match	None	Campaign #1	Ad group 1	0	1	0.00%	INR	0	0.00	Search	0.00%	0.00	0.00
rental cars in hubli without driver price	Phrase match	None	New Campaign 05/03	Car Rental With Driver	1	2	50.00%	INR	19.83	19.83	Search	0.00%	0.00	0.00
swadeshi car rental hubli	Phrase match	None	LEADS 11/04	Ad group 1	0	1	0.00%	INR	0	0.00	Search	0.00%	0.00	0.00
cabs in hubli	Exact match (close variant)	Added	LEADS 11/04	Ad group 1	0	4	0.00%	INR	0	0.00	Search	0.00%	0.00	0.00
cab service hubli	Exact match	Added	LEADS 11/04	Ad group 1	8	113	7.08%	INR	19.10	152.83	Search	12.50%	1.00	152.83
innova rent per km	Broad match	None	Campaign #1	Ad group 1	0	3	0.00%	INR	0	0.00	Search	0.00%	0.00	0.00
कैब कैसे बुक करें	Broad match	None	Campaign #1	Ad group 1	0	1	0.00%	INR	0	0.00	Search	0.00%	0.00	0.00
auto rapido	Phrase match (close variant)	None	Campaign #1	Ad group 1	0	1	0.00%	INR	0	0.00	Search	0.00%	0.00	0.00
ola cab rental	Phrase match (close variant)	None	Campaign #1	Ad group 1	0	1	0.00%	INR	0	0.00	Search	0.00%	0.00	0.00
car hire in hubli	Broad match	None	Campaign #1	Ad group 1	0	2	0.00%	INR	0	0.00	Search	0.00%	0.00	0.00
going to hubli	Broad match	None	Campaign #1	Ad group 1	0	1	0.00%	INR	0	0.00	Search	0.00%	0.00	0.00
kushitravels	Broad match	None	Campaign #1	Ad group 1	0	1	0.00%	INR	0	0.00	Search	0.00%	0.00	0.00
car for rent hubli	Broad match	None	Campaign #1	Ad group 1	1	3	33.33%	INR	33.14	33.14	Search	0.00%	0.00	0.00
taxi near me	Phrase match (close variant)	None	Campaign #1	Ad group 1	0	3	0.00%	INR	0	0.00	Search	0.00%	0.00	0.00
car travels in hubli	Broad match	None	Campaign #1	Ad group 1	2	6	33.33%	INR	38.14	76.28	Search	0.00%	0.00	0.00
self drive cars in hubli	Exact match (close variant)	None	Campaign #1	Ad group 1	3	34	8.82%	INR	0.64	1.93	Search	0.00%	0.00	0.00
near me cab service	Broad match	None	Campaign #1	Ad group 1	0	3	0.00%	INR	0	0.00	Search	0.00%	0.00	0.00
hubli car rental self drive	Broad match	None	Campaign #1	Ad group 1	0	3	0.00%	INR	0	0.00	Search	0.00%	0.00	0.00
ola cab booking	Phrase match (close variant)	None	Campaign #1	Ad group 1	0	15	0.00%	INR	0	0.00	Search	0.00%	0.00	0.00
car rentals hubli	Exact match (close variant)	None	03/22/2026 New Campaign	Ad group 1	1	13	7.69%	INR	18.56	18.56	Search	0.00%	0.00	0.00
ola available in hubli	Phrase match (close variant)	None	LEADS 11/04	Ad group 1	0	2	0.00%	INR	0	0.00	Search	0.00%	0.00	0.00
urban car hubli	Phrase match (close variant)	None	New Campaign 05/03	Car Rental With Driver	1	2	50.00%	INR	19.83	19.83	Search	0.00%	0.00	0.00
hubli to goa taxi	Phrase match (close variant)	None	New Campaign 05/03	Taxi Service	1	3	33.33%	INR	19.79	19.79	Search	0.00%	0.00	0.00
rental cars in hubli without driver	Exact match (close variant)	None	New Campaign 05/03	Car Rental With Driver	0	3	0.00%	INR	0	0.00	Search	0.00%	0.00	0.00
hubli taxi booking	Exact match (close variant)	None	New Campaign 05/03	Taxi Service	1	2	50.00%	INR	19.96	19.96	Search	0.00%	0.00	0.00
car rental hubli price	Broad match	None	Campaign #1	Ad group 1	0	1	0.00%	INR	0	0.00	Search	0.00%	0.00	0.00
ertiga booking price per km	Broad match	None	Campaign #1	Ad group 1	0	1	0.00%	INR	0	0.00	Search	0.00%	0.00	0.00
cab service in hubli	Broad match	Added	Campaign #1	Ad group 1	0	2	0.00%	INR	0	0.00	Search	0.00%	0.00	0.00
outstation traveller booking	Broad match	None	Campaign #1	Ad group 1	0	1	0.00%	INR	0	0.00	Search	0.00%	0.00	0.00
taxi services in hubli	Broad match	None	Campaign #1	Ad group 1	0	6	0.00%	INR	0	0.00	Search	0.00%	0.00	0.00
zoom car hubli	Phrase match (close variant)	None	LEADS 11/04	Ad group 1	3	16	18.75%	INR	19.88	59.63	Search	0.00%	0.00	0.00
taxi service in hubli airport	Phrase match (close variant)	Added	LEADS 11/04	Ad group 1	0	1	0.00%	INR	0	0.00	Search	0.00%	0.00	0.00
rent a car in hubli	Exact match	Added	LEADS 11/04	Ad group 1	1	9	11.11%	INR	22.37	22.37	Search	0.00%	0.00	0.00
taxi service in hubli	Exact match	Added	LEADS 11/04	Ad group 1	44	905	4.86%	INR	22.39	984.96	Search	9.09%	4.00	246.18
my location to hubli	Broad match	None	Campaign #1	Ad group 1	0	1	0.00%	INR	0	0.00	Search	0.00%	0.00	0.00
hubli cabs best cab service in hubli best taxi service in hubli dharwad	Exact match (close variant)	None	Campaign #1	Ad group 1	0	6	0.00%	INR	0	0.00	Search	0.00%	0.00	0.00
rent cars in hubli	Exact match (close variant)	None	Campaign #1	Ad group 1	0	2	0.00%	INR	0	0.00	Search	0.00%	0.00	0.00
near me cab service	Phrase match (close variant)	None	Campaign #1	Ad group 1	0	2	0.00%	INR	0	0.00	Search	0.00%	0.00	0.00
hubli car rental	Exact match (close variant)	None	Campaign #1	Ad group 1	1	6	16.67%	INR	0.42	0.42	Search	0.00%	0.00	0.00
self driven cars in hubli	Phrase match (close variant)	None	New Campaign 05/03	Car Rental With Driver	1	7	14.29%	INR	19.39	19.39	Search	0.00%	0.00	0.00
car service hubli	Exact match (close variant)	None	New Campaign 05/03	Taxi Service	1	2	50.00%	INR	16.61	16.61	Search	0.00%	0.00	0.00
ganesh travels opp basava vana hubli	Broad match	None	Campaign #1	Ad group 1	1	2	50.00%	INR	0.49	0.49	Search	0.00%	0.00	0.00
hubli rental cars	Exact match (close variant)	None	Campaign #1	Ad group 1	0	7	0.00%	INR	0	0.00	Search	0.00%	0.00	0.00
ola car book	Phrase match (close variant)	None	Campaign #1	Ad group 1	0	2	0.00%	INR	0	0.00	Search	0.00%	0.00	0.00
full day rental car	Broad match	None	Campaign #1	Ad group 1	1	1	100.00%	INR	13.50	13.50	Search	0.00%	0.00	0.00
rental car hubli	Broad match	None	Campaign #1	Ad group 1	0	2	0.00%	INR	0	0.00	Search	0.00%	0.00	0.00
car for travel	Broad match	None	Campaign #1	Ad group 1	0	1	0.00%	INR	0	0.00	Search	0.00%	0.00	0.00
car cab service near me	Phrase match (close variant)	None	Campaign #1	Ad group 1	0	2	0.00%	INR	0	0.00	Search	0.00%	0.00	0.00
hubli cab	Exact match (close variant)	None	New Campaign 05/03	Taxi Service	0	1	0.00%	INR	0	0.00	Search	0.00%	0.00	0.00
cabs hubli	Exact match (close variant)	None	New Campaign 05/03	Taxi Service	2	7	28.57%	INR	19.51	39.02	Search	0.00%	0.00	0.00
innova rent per km in hubli	Phrase match (close variant)	None	New Campaign 05/03	Car Rental With Driver	0	1	0.00%	INR	0	0.00	Search	0.00%	0.00	0.00
car service hubli	Exact match (close variant)	None	03/22/2026 New Campaign	Ad group 1	0	6	0.00%	INR	0	0.00	Search	0.00%	0.00	0.00
goa to hubli taxi fare	Phrase match (close variant)	None	03/22/2026 New Campaign	Ad group 1	0	1	0.00%	INR	0	0.00	Search	0.00%	0.00	0.00
hubli taxi service	Exact match	Added	03/22/2026 New Campaign	Ad group 1	8	150	5.33%	INR	19.52	156.13	Search	12.50%	1.00	156.13
taxi service hubli	Exact match (close variant)	None	LEADS 11/04	Ad group 1	9	112	8.04%	INR	17.65	158.81	Search	0.00%	0.00	0.00
hubballi railway station	Broad match	None	Campaign #1	Ad group 1	0	2	0.00%	INR	0	0.00	Search	0.00%	0.00	0.00
hubli taxi service rates	Phrase match	None	03/22/2026 New Campaign	Ad group 1	0	5	0.00%	INR	0	0.00	Search	0.00%	0.00	0.00
hubli to goa car	Phrase match (close variant)	None	03/22/2026 New Campaign	Ad group 1	0	1	0.00%	INR	0	0.00	Search	0.00%	0.00	0.00
hubli car service	Exact match (close variant)	None	LEADS 11/04	Ad group 1	2	7	28.57%	INR	18.52	37.03	Search	0.00%	0.00	0.00
hubli cab	Exact match (close variant)	None	LEADS 11/04	Ad group 1	0	10	0.00%	INR	0	0.00	Search	0.00%	0.00	0.00
car book	Broad match	None	Campaign #1	Ad group 1	0	2	0.00%	INR	0	0.00	Search	0.00%	0.00	0.00
bharat taxi service	Broad match	None	Campaign #1	Ad group 1	0	1	0.00%	INR	0	0.00	Search	0.00%	0.00	0.00
hubli to goa car rental	Broad match	None	Campaign #1	Ad group 1	0	1	0.00%	INR	0	0.00	Search	0.00%	0.00	0.00
tt tempo traveller	Broad match	None	Campaign #1	Ad group 1	0	1	0.00%	INR	0	0.00	Search	0.00%	0.00	0.00
vrl travels near basavanna circle ghantikeri new hubli hubballi karnataka	Broad match	None	Campaign #1	Ad group 1	0	1	0.00%	INR	0	0.00	Search	0.00%	0.00	0.00
rental car hubli	Exact match (close variant)	None	New Campaign 05/03	Car Rental With Driver	0	10	0.00%	INR	0	0.00	Search	0.00%	0.00	0.00
car rentals in hubli	Phrase match (close variant)	None	New Campaign 05/03	Car Rental With Driver	0	4	0.00%	INR	0	0.00	Search	0.00%	0.00	0.00
taxi from hubli to bangalore	Phrase match (close variant)	None	03/22/2026 New Campaign	Ad group 1	0	1	0.00%	INR	0	0.00	Search	0.00%	0.00	0.00
tirupati cabs hubli	Phrase match (close variant)	None	03/22/2026 New Campaign	Ad group 1	0	2	0.00%	INR	0	0.00	Search	0.00%	0.00	0.00
p and p travels dharwad	Broad match	None	Campaign #1	Ad group 1	0	3	0.00%	INR	0	0.00	Search	0.00%	0.00	0.00
hubli car	Exact match (close variant)	None	Campaign #1	Ad group 1	0	1	0.00%	INR	0	0.00	Search	0.00%	0.00	0.00
daily cab service for office	Broad match	None	Campaign #1	Ad group 1	0	1	0.00%	INR	0	0.00	Search	0.00%	0.00	0.00
innova rental per km	Broad match	None	Campaign #1	Ad group 1	0	1	0.00%	INR	0	0.00	Search	0.00%	0.00	0.00
hubli to dandeli taxi price	Phrase match (close variant)	None	New Campaign 05/03	Taxi Service	0	1	0.00%	INR	0	0.00	Search	0.00%	0.00	0.00
car rental hubli without driver	Phrase match (close variant)	None	New Campaign 05/03	Car Rental With Driver	0	2	0.00%	INR	0	0.00	Search	0.00%	0.00	0.00
cab in hubli	Exact match (close variant)	None	LEADS 11/04	Ad group 1	1	52	1.92%	INR	23.06	23.06	Search	0.00%	0.00	0.00
bangalore to hubli cab	Phrase match (close variant)	None	LEADS 11/04	Ad group 1	0	1	0.00%	INR	0	0.00	Search	0.00%	0.00	0.00
cab service near me	Broad match	None	Campaign #1	Ad group 1	0	3	0.00%	INR	0	0.00	Search	0.00%	0.00	0.00
taxi services in hubli	Phrase match (close variant)	None	Campaign #1	Ad group 1	0	2	0.00%	INR	0	0.00	Search	0.00%	0.00	0.00
private transport near me	Broad match	None	Campaign #1	Ad group 1	0	1	0.00%	INR	0	0.00	Search	0.00%	0.00	0.00
taxi fare from katra to jammu railway station	Phrase match (close variant)	None	Campaign #1	Ad group 1	1	1	100.00%	INR	43.52	43.52	Search	0.00%	0.00	0.00
cab service hubli	Exact match (close variant)	None	Campaign #1	Ad group 1	0	1	0.00%	INR	0	0.00	Search	0.00%	0.00	0.00
khushi travels hubli	Broad match	None	Campaign #1	Ad group 1	1	10	10.00%	INR	40.72	40.72	Search	0.00%	0.00	0.00
gen automobiles hubli	Broad match	None	Campaign #1	Ad group 1	0	1	0.00%	INR	0	0.00	Search	0.00%	0.00	0.00
car rental hubli price	Exact match (close variant)	None	Campaign #1	Ad group 1	0	1	0.00%	INR	0	0.00	Search	0.00%	0.00	0.00
taxi service in dandeli	Phrase match (close variant)	None	Campaign #1	Ad group 1	0	1	0.00%	INR	0	0.00	Search	0.00%	0.00	0.00
car tour and travels	Broad match	None	Campaign #1	Ad group 1	0	1	0.00%	INR	0	0.00	Search	0.00%	0.00	0.00
tours travels near me	Broad match	None	Campaign #1	Ad group 1	1	2	50.00%	INR	0.63	0.63	Search	0.00%	0.00	0.00
hubli to goa cab fare	Phrase match (close variant)	None	New Campaign 05/03	Car Rental With Driver	0	5	0.00%	INR	0	0.00	Search	0.00%	0.00	0.00
cab in hubli	Exact match (close variant)	None	New Campaign 05/03	Taxi Service	2	6	33.33%	INR	19.64	39.28	Search	0.00%	0.00	0.00
hubli to goa car	Phrase match (close variant)	None	LEADS 11/04	Ad group 1	1	3	33.33%	INR	22.76	22.76	Search	0.00%	0.00	0.00
hubli to goa taxi	Phrase match (close variant)	None	LEADS 11/04	Ad group 1	0	8	0.00%	INR	0	0.00	Search	0.00%	0.00	0.00
rental cars in hubli without driver	Broad match	None	Campaign #1	Ad group 1	1	7	14.29%	INR	0.34	0.34	Search	0.00%	0.00	0.00
nikhil travels hubli	Phrase match (close variant)	None	New Campaign 05/03	Car Rental With Driver	2	4	50.00%	INR	19.79	39.58	Search	0.00%	0.00	0.00
bangalore to hubli taxi fare	Phrase match (close variant)	None	03/22/2026 New Campaign	Ad group 1	0	2	0.00%	INR	0	0.00	Search	0.00%	0.00	0.00
hubli to goa cab	Phrase match (close variant)	None	03/22/2026 New Campaign	Ad group 1	1	2	50.00%	INR	16.76	16.76	Search	0.00%	0.00	0.00
hubli hire	Exact match (close variant)	None	LEADS 11/04	Ad group 1	0	1	0.00%	INR	0	0.00	Search	0.00%	0.00	0.00
car in hubli	Exact match (close variant)	None	LEADS 11/04	Ad group 1	1	3	33.33%	INR	24.72	24.72	Search	0.00%	0.00	0.00
hubli to goa cab service	Phrase match (close variant)	None	LEADS 11/04	Ad group 1	1	1	100.00%	INR	24.95	24.95	Search	0.00%	0.00	0.00
car for hire near me	Broad match	None	Campaign #1	Ad group 1	0	1	0.00%	INR	0	0.00	Search	0.00%	0.00	0.00
traveler rent	Broad match	None	Campaign #1	Ad group 1	0	1	0.00%	INR	0	0.00	Search	0.00%	0.00	0.00
nearby taxi	Broad match	None	Campaign #1	Ad group 1	0	2	0.00%	INR	0	0.00	Search	0.00%	0.00	0.00
ride booking app	Phrase match (close variant)	None	Campaign #1	Ad group 1	0	1	0.00%	INR	0	0.00	Search	0.00%	0.00	0.00
seabird travels hubli	Broad match	None	Campaign #1	Ad group 1	0	1	0.00%	INR	0	0.00	Search	0.00%	0.00	0.00
shakti automobiles hubli	Broad match	None	Campaign #1	Ad group 1	1	6	16.67%	INR	0.34	0.34	Search	0.00%	0.00	0.00
book outstation cabs	Broad match	None	Campaign #1	Ad group 1	0	1	0.00%	INR	0	0.00	Search	0.00%	0.00	0.00
is namma yatri available in hubli	Phrase match (close variant)	None	03/22/2026 New Campaign	Ad group 1	0	3	0.00%	INR	0	0.00	Search	0.00%	0.00	0.00
car rental in hubli without driver	Exact match (close variant)	None	New Campaign 05/03	Car Rental With Driver	1	2	50.00%	INR	4.87	4.87	Search	0.00%	0.00	0.00
hubli to goa car	Phrase match (close variant)	None	New Campaign 05/03	Taxi Service	0	1	0.00%	INR	0	0.00	Search	0.00%	0.00	0.00
cab services in hubli	Exact match (close variant)	None	Campaign #1	Ad group 1	0	1	0.00%	INR	0	0.00	Search	0.00%	0.00	0.00
rapido in hubli	Phrase match (close variant)	None	Campaign #1	Ad group 1	0	2	0.00%	INR	0	0.00	Search	0.00%	0.00	0.00
taxi hire near me	Broad match	None	Campaign #1	Ad group 1	0	1	0.00%	INR	0	0.00	Search	0.00%	0.00	0.00
red taxi near me	Broad match	None	Campaign #1	Ad group 1	0	1	0.00%	INR	0	0.00	Search	0.00%	0.00	0.00
cab book	Exact match (close variant)	None	Campaign #1	Ad group 1	0	1	0.00%	INR	0	0.00	Search	0.00%	0.00	0.00
taxi in hubli	Exact match (close variant)	None	New Campaign 05/03	Car Rental With Driver	1	17	5.88%	INR	13.88	13.88	Search	0.00%	0.00	0.00
rental cars in hubli	Exact match (close variant)	None	New Campaign 05/03	Taxi Service	0	5	0.00%	INR	0	0.00	Search	0.00%	0.00	0.00
hubli to goa car	Phrase match (close variant)	None	New Campaign 05/03	Car Rental With Driver	1	3	33.33%	INR	19.45	19.45	Search	0.00%	0.00	0.00
taxi in hubli for outstation	Phrase match (close variant)	None	New Campaign 05/03	Car Rental With Driver	0	1	0.00%	INR	0	0.00	Search	0.00%	0.00	0.00
taxi service in hubli airport	Phrase match	None	New Campaign 05/03	Taxi Service	0	8	0.00%	INR	0	0.00	Search	0.00%	0.00	0.00
hubli cabs	Exact match (close variant)	None	LEADS 11/04	Ad group 1	2	65	3.08%	INR	24.37	48.73	Search	0.00%	0.00	0.00
self drive cars in hubli	Exact match (close variant)	None	LEADS 11/04	Ad group 1	4	7	57.14%	INR	23.48	93.91	Search	0.00%	0.00	0.00
hubli car rental	Exact match	Added	LEADS 11/04	Ad group 1	24	214	11.21%	INR	21.40	513.67	Search	0.00%	0.00	0.00
sri ganesh travels hubli	Broad match	None	Campaign #1	Ad group 1	0	1	0.00%	INR	0	0.00	Search	0.00%	0.00	0.00
rohini tours and travels hubli	Broad match	None	Campaign #1	Ad group 1	0	1	0.00%	INR	0	0.00	Search	0.00%	0.00	0.00
bharat taxi app	Broad match	None	Campaign #1	Ad group 1	0	1	0.00%	INR	0	0.00	Search	0.00%	0.00	0.00
tours and travels hubli	Broad match	None	Campaign #1	Ad group 1	1	5	20.00%	INR	3.87	3.87	Search	0.00%	0.00	0.00
taxi from hubli to goa	Phrase match (close variant)	None	New Campaign 05/03	Taxi Service	0	2	0.00%	INR	0	0.00	Search	0.00%	0.00	0.00
tempo traveller rent per km in hubli	Phrase match (close variant)	None	New Campaign 05/03	Car Rental With Driver	0	14	0.00%	INR	0	0.00	Search	0.00%	0.00	0.00
best car rental in hubli	Exact match (close variant)	None	New Campaign 05/03	Car Rental With Driver	3	19	15.79%	INR	21.11	63.32	Search	0.00%	0.00	0.00
rapido bike taxi hubli dharwad	Phrase match (close variant)	None	03/22/2026 New Campaign	Ad group 1	0	2	0.00%	INR	0	0.00	Search	0.00%	0.00	0.00
hubli self drive car rental prices	Phrase match	None	LEADS 11/04	Ad group 1	0	2	0.00%	INR	0	0.00	Search	0.00%	0.00	0.00
car rentals in dharwad	Phrase match (close variant)	None	LEADS 11/04	Ad group 1	1	4	25.00%	INR	12.78	12.78	Search	0.00%	0.00	0.00
taxi services in hubli	Exact match (close variant)	None	LEADS 11/04	Ad group 1	1	74	1.35%	INR	11.36	11.36	Search	0.00%	0.00	0.00
tempo traveller hubli	Phrase match (close variant)	None	LEADS 11/04	Ad group 1	0	11	0.00%	INR	0	0.00	Search	0.00%	0.00	0.00
hubli self drive car rental prices	Broad match	None	Campaign #1	Ad group 1	1	1	100.00%	INR	5.36	5.36	Search	0.00%	0.00	0.00
swaraj cabs and services	Broad match	None	Campaign #1	Ad group 1	0	1	0.00%	INR	0	0.00	Search	0.00%	0.00	0.00
car rent per km	Broad match	None	Campaign #1	Ad group 1	0	1	0.00%	INR	0	0.00	Search	0.00%	0.00	0.00
taxi stand near me	Broad match	None	Campaign #1	Ad group 1	0	2	0.00%	INR	0	0.00	Search	0.00%	0.00	0.00
car services near me	Broad match	None	Campaign #1	Ad group 1	0	1	0.00%	INR	0	0.00	Search	0.00%	0.00	0.00
tourist places in hubli	Broad match	None	Campaign #1	Ad group 1	0	1	0.00%	INR	0	0.00	Search	0.00%	0.00	0.00
rent a car in hubli	Exact match (close variant)	None	New Campaign 05/03	Taxi Service	0	1	0.00%	INR	0	0.00	Search	0.00%	0.00	0.00
car showrooms in hubli	Broad match	None	Campaign #1	Ad group 1	0	1	0.00%	INR	0	0.00	Search	0.00%	0.00	0.00
tourist places hubli	Broad match	None	Campaign #1	Ad group 1	0	1	0.00%	INR	0	0.00	Search	0.00%	0.00	0.00
car for rent in hubli	Exact match (close variant)	None	New Campaign 05/03	Car Rental With Driver	1	9	11.11%	INR	19.52	19.52	Search	0.00%	0.00	0.00
car rental hubli	Exact match (close variant)	None	New Campaign 05/03	Car Rental With Driver	18	86	20.93%	INR	18.17	327.04	Search	5.56%	1.00	327.04
taxi hubli	Exact match	Added	New Campaign 05/03	Taxi Service	1	9	11.11%	INR	18.92	18.92	Search	0.00%	0.00	0.00
hubli car travels	Exact match (close variant)	None	New Campaign 05/03	Car Rental With Driver	1	2	50.00%	INR	19.66	19.66	Search	0.00%	0.00	0.00
bangalore to hubli taxi fare	Phrase match (close variant)	None	New Campaign 05/03	Car Rental With Driver	0	2	0.00%	INR	0	0.00	Search	0.00%	0.00	0.00
hubli car	Exact match (close variant)	None	03/22/2026 New Campaign	Ad group 1	0	9	0.00%	INR	0	0.00	Search	0.00%	0.00	0.00
auto booking app in hubli	Phrase match (close variant)	None	03/22/2026 New Campaign	Ad group 1	0	5	0.00%	INR	0	0.00	Search	0.00%	0.00	0.00
tempo traveller rent in hubli	Phrase match (close variant)	None	LEADS 11/04	Ad group 1	4	22	18.18%	INR	22.39	89.55	Search	0.00%	0.00	0.00
hubli car travels	Exact match (close variant)	None	LEADS 11/04	Ad group 1	3	10	30.00%	INR	22.60	67.79	Search	33.33%	1.00	67.79
cab services in hubli	Exact match (close variant)	None	LEADS 11/04	Ad group 1	0	39	0.00%	INR	0	0.00	Search	0.00%	0.00	0.00
best car rental in hubli	Phrase match (close variant)	None	LEADS 11/04	Ad group 1	0	2	0.00%	INR	0	0.00	Search	0.00%	0.00	0.00
hubli to bangalore taxi	Phrase match (close variant)	None	LEADS 11/04	Ad group 1	0	2	0.00%	INR	0	0.00	Search	0.00%	0.00	0.00
book rapido car	Phrase match (close variant)	None	Campaign #1	Ad group 1	0	1	0.00%	INR	0	0.00	Search	0.00%	0.00	0.00
cabs in hubli	Phrase match (close variant)	None	Campaign #1	Ad group 1	1	4	25.00%	INR	0.52	0.52	Search	0.00%	0.00	0.00
is there uber in hubli	Phrase match (close variant)	None	Campaign #1	Ad group 1	0	1	0.00%	INR	0	0.00	Search	0.00%	0.00	0.00
savaari cabs	Phrase match (close variant)	None	Campaign #1	Ad group 1	0	1	0.00%	INR	0	0.00	Search	0.00%	0.00	0.00
near by travels	Broad match	None	Campaign #1	Ad group 1	0	1	0.00%	INR	0	0.00	Search	0.00%	0.00	0.00
cars for rent in hubli	Exact match (close variant)	None	New Campaign 05/03	Car Rental With Driver	1	5	20.00%	INR	16.80	16.80	Search	0.00%	0.00	0.00
hubli dharwad taxi service	Phrase match (close variant)	None	03/22/2026 New Campaign	Ad group 1	0	1	0.00%	INR	0	0.00	Search	0.00%	0.00	0.00
hubli to bangalore cab	Phrase match (close variant)	None	03/22/2026 New Campaign	Ad group 1	0	1	0.00%	INR	0	0.00	Search	0.00%	0.00	0.00
hubli rental cars	Phrase match	None	LEADS 11/04	Ad group 1	0	1	0.00%	INR	0	0.00	Search	0.00%	0.00	0.00
guwahati to tezpur car fare	Phrase match (close variant)	None	Campaign #1	Ad group 1	1	1	100.00%	INR	44.75	44.75	Search	0.00%	0.00	0.00
book tempo traveller	Broad match	None	Campaign #1	Ad group 1	0	1	0.00%	INR	0	0.00	Search	0.00%	0.00	0.00
self drive car hubli	Broad match	None	Campaign #1	Ad group 1	0	1	0.00%	INR	0	0.00	Search	0.00%	0.00	0.00
rent car hubli	Exact match (close variant)	None	Campaign #1	Ad group 1	0	4	0.00%	INR	0	0.00	Search	0.00%	0.00	0.00
tourist vehicle near me	Broad match	None	Campaign #1	Ad group 1	0	2	0.00%	INR	0	0.00	Search	0.00%	0.00	0.00
hubli to dandeli car rental	Broad match	None	Campaign #1	Ad group 1	0	1	0.00%	INR	0	0.00	Search	0.00%	0.00	0.00
car travels in hubli	Phrase match (close variant)	None	New Campaign 05/03	Car Rental With Driver	0	1	0.00%	INR	0	0.00	Search	0.00%	0.00	0.00
taxi in hubli for outstation	Exact match (close variant)	None	New Campaign 05/03	Car Rental With Driver	0	1	0.00%	INR	0	0.00	Search	0.00%	0.00	0.00
virat cabs in hubli	Phrase match (close variant)	None	03/22/2026 New Campaign	Ad group 1	0	2	0.00%	INR	0	0.00	Search	0.00%	0.00	0.00
car hire hubli	Exact match (close variant)	None	03/22/2026 New Campaign	Ad group 1	1	5	20.00%	INR	19.69	19.69	Search	0.00%	0.00	0.00
taxi service in hubli airport	Exact match	Added	LEADS 11/04	Ad group 1	5	39	12.82%	INR	15.94	79.68	Search	40.00%	2.00	39.84
innova car rent near me	Broad match	None	Campaign #1	Ad group 1	0	1	0.00%	INR	0	0.00	Search	0.00%	0.00	0.00
cars for rent	Broad match	None	Campaign #1	Ad group 1	0	1	0.00%	INR	0	0.00	Search	0.00%	0.00	0.00
innova car for rent	Broad match	None	Campaign #1	Ad group 1	0	1	0.00%	INR	0	0.00	Search	0.00%	0.00	0.00
hubli dharwad cabs	Exact match (close variant)	None	New Campaign 05/03	Taxi Service	0	3	0.00%	INR	0	0.00	Search	0.00%	0.00	0.00
taxi in hubli	Phrase match (close variant)	None	New Campaign 05/03	Car Rental With Driver	0	2	0.00%	INR	0	0.00	Search	0.00%	0.00	0.00
trishika car rental hubli	Phrase match (close variant)	None	New Campaign 05/03	Car Rental With Driver	2	12	16.67%	INR	18.66	37.31	Search	0.00%	0.00	0.00
force urbania for rent in hubli	Phrase match (close variant)	None	New Campaign 05/03	Car Rental With Driver	3	7	42.86%	INR	19.44	58.32	Search	16.67%	0.50	116.64
cab from hubli to gokarna	Phrase match (close variant)	None	03/22/2026 New Campaign	Ad group 1	0	3	0.00%	INR	0	0.00	Search	0.00%	0.00	0.00
balaji cab hubli taxi service cabs service in hubli	Phrase match	None	LEADS 11/04	Ad group 1	0	1	0.00%	INR	0	0.00	Search	0.00%	0.00	0.00
hubli taxi	Exact match (close variant)	None	LEADS 11/04	Ad group 1	1	13	7.69%	INR	22.62	22.62	Search	0.00%	0.00	0.00
rental vehicles near me	Broad match	None	Campaign #1	Ad group 1	1	4	25.00%	INR	1.66	1.66	Search	0.00%	0.00	0.00
travels near me within 400m	Broad match	None	Campaign #1	Ad group 1	0	1	0.00%	INR	0	0.00	Search	0.00%	0.00	0.00
seven seater car for rent	Broad match	None	Campaign #1	Ad group 1	0	1	0.00%	INR	0	0.00	Search	0.00%	0.00	0.00
2nd hand car in hubli	Broad match	None	Campaign #1	Ad group 1	0	1	0.00%	INR	0	0.00	Search	0.00%	0.00	0.00
tirupati cabs hubli dharwad	Phrase match (close variant)	None	New Campaign 05/03	Taxi Service	0	1	0.00%	INR	0	0.00	Search	0.00%	0.00	0.00
rapido in hubli	Phrase match (close variant)	None	New Campaign 05/03	Taxi Service	5	123	4.07%	INR	17.53	87.64	Search	0.00%	0.00	0.00
best taxi service in hubli	Phrase match (close variant)	None	New Campaign 05/03	Car Rental With Driver	1	10	10.00%	INR	20.00	20.00	Search	0.00%	0.00	0.00
cab service hubli	Exact match (close variant)	None	New Campaign 05/03	Car Rental With Driver	0	2	0.00%	INR	0	0.00	Search	0.00%	0.00	0.00
car on rent in hubli	Exact match (close variant)	None	New Campaign 05/03	Car Rental With Driver	0	4	0.00%	INR	0	0.00	Search	0.00%	0.00	0.00
tirupati cabs hubballi dharwad	Phrase match (close variant)	None	03/22/2026 New Campaign	Ad group 1	0	1	0.00%	INR	0	0.00	Search	0.00%	0.00	0.00
rapido available in hubli	Phrase match (close variant)	None	LEADS 11/04	Ad group 1	0	2	0.00%	INR	0	0.00	Search	0.00%	0.00	0.00
rent a car in hubli with driver	Exact match (close variant)	None	Campaign #1	Ad group 1	0	1	0.00%	INR	0	0.00	Search	0.00%	0.00	0.00
rent car for a day with driver	Broad match	None	Campaign #1	Ad group 1	0	1	0.00%	INR	0	0.00	Search	0.00%	0.00	0.00
rapido cab	Phrase match (close variant)	None	Campaign #1	Ad group 1	0	3	0.00%	INR	0	0.00	Search	0.00%	0.00	0.00
amma cabs hubli	Phrase match (close variant)	None	New Campaign 05/03	Car Rental With Driver	0	1	0.00%	INR	0	0.00	Search	0.00%	0.00	0.00
car rent hubli	Exact match (close variant)	None	New Campaign 05/03	Taxi Service	1	3	33.33%	INR	19.48	19.48	Search	0.00%	0.00	0.00
rent cars in hubli	Exact match (close variant)	None	03/22/2026 New Campaign	Ad group 1	4	17	23.53%	INR	18.74	74.97	Search	0.00%	0.00	0.00
hubli to bangalore car rental	Phrase match (close variant)	None	LEADS 11/04	Ad group 1	1	3	33.33%	INR	24.82	24.82	Search	0.00%	0.00	0.00
hubli cab service	Exact match	Added	LEADS 11/04	Ad group 1	7	88	7.95%	INR	12.76	89.31	Search	0.00%	0.00	0.00
tirupati cabs hubli	Broad match	None	Campaign #1	Ad group 1	0	1	0.00%	INR	0	0.00	Search	0.00%	0.00	0.00
traveler car booking	Broad match	None	Campaign #1	Ad group 1	0	1	0.00%	INR	0	0.00	Search	0.00%	0.00	0.00
ola auto rental	Broad match	None	Campaign #1	Ad group 1	0	1	0.00%	INR	0	0.00	Search	0.00%	0.00	0.00
rapido booking	Phrase match (close variant)	None	Campaign #1	Ad group 1	0	1	0.00%	INR	0	0.00	Search	0.00%	0.00	0.00
taxi service hubli	Broad match	None	Campaign #1	Ad group 1	0	11	0.00%	INR	0	0.00	Search	0.00%	0.00	0.00
rental car shop near me	Broad match	None	Campaign #1	Ad group 1	2	4	50.00%	INR	0.34	0.68	Search	0.00%	0.00	0.00
travels in dharwad	Broad match	None	Campaign #1	Ad group 1	1	2	50.00%	INR	0.17	0.17	Search	0.00%	0.00	0.00
cruiser rent in hubli	Broad match	None	Campaign #1	Ad group 1	0	2	0.00%	INR	0	0.00	Search	0.00%	0.00	0.00
cabe book	Broad match	None	Campaign #1	Ad group 1	1	2	50.00%	INR	13.48	13.48	Search	0.00%	0.00	0.00
taxi from hubli to bangalore	Phrase match (close variant)	None	New Campaign 05/03	Taxi Service	0	2	0.00%	INR	0	0.00	Search	0.00%	0.00	0.00
hubli taxi service rates	Phrase match (close variant)	None	New Campaign 05/03	Car Rental With Driver	0	1	0.00%	INR	0	0.00	Search	0.00%	0.00	0.00
rapido service in hubli	Phrase match (close variant)	None	03/22/2026 New Campaign	Ad group 1	0	1	0.00%	INR	0	0.00	Search	0.00%	0.00	0.00
hubli cabs tours and travels	Exact match (close variant)	None	03/22/2026 New Campaign	Ad group 1	1	7	14.29%	INR	17.51	17.51	Search	0.00%	0.00	0.00
best car rental in hubli	Exact match (close variant)	None	03/22/2026 New Campaign	Ad group 1	0	120	0.00%	INR	0	0.00	Search	0.00%	0.00	0.00
in hubli rapido available	Phrase match (close variant)	None	03/22/2026 New Campaign	Ad group 1	0	10	0.00%	INR	0	0.00	Search	0.00%	0.00	0.00
namma yatri in hubli	Phrase match (close variant)	None	LEADS 11/04	Ad group 1	0	7	0.00%	INR	0	0.00	Search	0.00%	0.00	0.00
hubli travels car	Exact match (close variant)	None	LEADS 11/04	Ad group 1	4	19	21.05%	INR	23.68	94.70	Search	25.00%	1.00	94.70
self drive car hubli	Exact match (close variant)	None	LEADS 11/04	Ad group 1	1	2	50.00%	INR	12.85	12.85	Search	0.00%	0.00	0.00
cabs in hubli	Exact match (close variant)	None	New Campaign 05/03	Car Rental With Driver	1	12	8.33%	INR	5.39	5.39	Search	0.00%	0.00	0.00
hubli cab service	Exact match	Added	New Campaign 05/03	Taxi Service	3	58	5.17%	INR	28.04	84.11	Search	0.00%	0.00	0.00
taxi service in hubli airport	Phrase match (close variant)	None	New Campaign 05/03	Car Rental With Driver	0	5	0.00%	INR	0	0.00	Search	0.00%	0.00	0.00
nearby taxi stand near me	Broad match	None	Campaign #1	Ad group 1	0	1	0.00%	INR	0	0.00	Search	0.00%	0.00	0.00
book taxi online	Broad match	None	Campaign #1	Ad group 1	0	1	0.00%	INR	0	0.00	Search	0.00%	0.00	0.00
car rental in hubli self drive	Exact match (close variant)	None	Campaign #1	Ad group 1	0	1	0.00%	INR	0	0.00	Search	0.00%	0.00	0.00
ola book	Phrase match (close variant)	None	Campaign #1	Ad group 1	1	3	33.33%	INR	9.76	9.76	Search	0.00%	0.00	0.00
hubli cabs	Exact match (close variant)	None	Campaign #1	Ad group 1	0	11	0.00%	INR	0	0.00	Search	0.00%	0.00	0.00
ola auto booking	Broad match	None	Campaign #1	Ad group 1	0	1	0.00%	INR	0	0.00	Search	0.00%	0.00	0.00
taxi in hubli	Broad match	None	Campaign #1	Ad group 1	0	6	0.00%	INR	0	0.00	Search	0.00%	0.00	0.00
taxi service hubli	Exact match	Added	03/22/2026 New Campaign	Ad group 1	3	119	2.52%	INR	19.54	58.61	Search	0.00%	0.00	0.00
mahesh cabs huballi	Phrase match (close variant)	None	03/22/2026 New Campaign	Ad group 1	0	1	0.00%	INR	0	0.00	Search	0.00%	0.00	0.00
car rentals hubli	Broad match	None	Campaign #1	Ad group 1	1	14	7.14%	INR	1.74	1.74	Search	0.00%	0.00	0.00
hubli rental cars	Broad match	None	Campaign #1	Ad group 1	0	7	0.00%	INR	0	0.00	Search	0.00%	0.00	0.00
khushi travels hubli	Phrase match (close variant)	None	New Campaign 05/03	Car Rental With Driver	2	14	14.29%	INR	19.80	39.59	Search	0.00%	0.00	0.00
hubli to bangalore cab service	Phrase match	None	03/22/2026 New Campaign	Ad group 1	0	1	0.00%	INR	0	0.00	Search	0.00%	0.00	0.00
taxi service in hubli	Exact match (close variant)	Added	03/22/2026 New Campaign	Ad group 1	0	121	0.00%	INR	0	0.00	Search	0.00%	0.00	0.00
hubli to murudeshwar cab fare	Phrase match (close variant)	None	03/22/2026 New Campaign	Ad group 1	0	1	0.00%	INR	0	0.00	Search	0.00%	0.00	0.00
hubli dharwad cabs	Exact match (close variant)	None	03/22/2026 New Campaign	Ad group 1	0	13	0.00%	INR	0	0.00	Search	0.00%	0.00	0.00
near me travels	Broad match	None	Campaign #1	Ad group 1	0	3	0.00%	INR	0	0.00	Search	0.00%	0.00	0.00
thar rental near me	Broad match	None	Campaign #1	Ad group 1	0	1	0.00%	INR	0	0.00	Search	0.00%	0.00	0.00
ola cab booking	Broad match	None	Campaign #1	Ad group 1	0	2	0.00%	INR	0	0.00	Search	0.00%	0.00	0.00
tavera car booking	Broad match	None	Campaign #1	Ad group 1	0	1	0.00%	INR	0	0.00	Search	0.00%	0.00	0.00
kochi airport uber	Phrase match (close variant)	None	Campaign #1	Ad group 1	0	1	0.00%	INR	0	0.00	Search	0.00%	0.00	0.00
car for booking near me	Broad match	None	Campaign #1	Ad group 1	0	1	0.00%	INR	0	0.00	Search	0.00%	0.00	0.00
hurryup cabs	Broad match	None	Campaign #1	Ad group 1	0	1	0.00%	INR	0	0.00	Search	0.00%	0.00	0.00
hubli cabs	Exact match (close variant)	None	New Campaign 05/03	Taxi Service	0	8	0.00%	INR	0	0.00	Search	0.00%	0.00	0.00
hubli to goa taxi price	Phrase match (close variant)	None	New Campaign 05/03	Car Rental With Driver	0	1	0.00%	INR	0	0.00	Search	0.00%	0.00	0.00
car rent hubli	Exact match (close variant)	None	03/22/2026 New Campaign	Ad group 1	13	108	12.04%	INR	17.51	227.57	Search	15.38%	2.00	113.79
taxi service in hubli airport	Phrase match	Added	LEADS 11/04	Ad group 1	0	1	0.00%	INR	0	0.00	Search	0.00%	0.00	0.00
car rental in hubli with driver	Exact match (close variant)	None	LEADS 11/04	Ad group 1	2	19	10.53%	INR	22.11	44.22	Search	0.00%	0.00	0.00
hubli rent a car	Broad match	None	Campaign #1	Ad group 1	0	1	0.00%	INR	0	0.00	Search	0.00%	0.00	0.00
hubli cabs tours and travels	Broad match	None	Campaign #1	Ad group 1	0	1	0.00%	INR	0	0.00	Search	0.00%	0.00	0.00
rapido cab	Broad match	None	Campaign #1	Ad group 1	1	2	50.00%	INR	44.66	44.66	Search	0.00%	0.00	0.00
savaari taxi service	Phrase match (close variant)	None	Campaign #1	Ad group 1	0	2	0.00%	INR	0	0.00	Search	0.00%	0.00	0.00
cruiser rent in hubli	Phrase match (close variant)	None	New Campaign 05/03	Car Rental With Driver	2	2	100.00%	INR	19.98	39.97	Search	0.00%	0.00	0.00
namma yatri hubli	Phrase match (close variant)	None	New Campaign 05/03	Taxi Service	0	2	0.00%	INR	0	0.00	Search	0.00%	0.00	0.00
rent car in hubli	Exact match (close variant)	None	03/22/2026 New Campaign	Ad group 1	10	57	17.54%	INR	16.81	168.14	Search	10.00%	1.00	168.14
hubli to dandeli taxi	Phrase match (close variant)	None	LEADS 11/04	Ad group 1	0	1	0.00%	INR	0	0.00	Search	0.00%	0.00	0.00
hubli airport taxi service	Phrase match (close variant)	None	New Campaign 05/03	Car Rental With Driver	0	1	0.00%	INR	0	0.00	Search	0.00%	0.00	0.00
rent car in hubli	Exact match (close variant)	None	New Campaign 05/03	Car Rental With Driver	0	3	0.00%	INR	0	0.00	Search	0.00%	0.00	0.00
car rentals near me	Broad match	None	Campaign #1	Ad group 1	2	4	50.00%	INR	2.23	4.45	Search	0.00%	0.00	0.00
taxi pro	Broad match	None	Campaign #1	Ad group 1	0	1	0.00%	INR	0	0.00	Search	0.00%	0.00	0.00
car rent hubli	Broad match	None	Campaign #1	Ad group 1	0	15	0.00%	INR	0	0.00	Search	0.00%	0.00	0.00
car rental in hubli without driver	Exact match (close variant)	None	LEADS 11/04	Ad group 1	2	8	25.00%	INR	24.86	49.71	Search	0.00%	0.00	0.00
traveller per day rent	Broad match	None	Campaign #1	Ad group 1	0	1	0.00%	INR	0	0.00	Search	0.00%	0.00	0.00
dharwad cab service	Broad match	None	Campaign #1	Ad group 1	0	3	0.00%	INR	0	0.00	Search	0.00%	0.00	0.00
cab booking near me	Broad match	None	Campaign #1	Ad group 1	0	3	0.00%	INR	0	0.00	Search	0.00%	0.00	0.00
online rapido	Phrase match (close variant)	None	Campaign #1	Ad group 1	0	2	0.00%	INR	0	0.00	Search	0.00%	0.00	0.00
amma cabs hubli	Phrase match (close variant)	None	New Campaign 05/03	Taxi Service	0	1	0.00%	INR	0	0.00	Search	0.00%	0.00	0.00
hubli to dandeli cab	Phrase match (close variant)	None	03/22/2026 New Campaign	Ad group 1	0	4	0.00%	INR	0	0.00	Search	0.00%	0.00	0.00
hubli to hampi cab	Phrase match (close variant)	None	LEADS 11/04	Ad group 1	0	1	0.00%	INR	0	0.00	Search	0.00%	0.00	0.00
cab service in hubli	Exact match	Added	LEADS 11/04	Ad group 1	41	773	5.30%	INR	17.06	699.39	Search	0.00%	0.00	0.00
ertiga booking	Broad match	None	Campaign #1	Ad group 1	0	1	0.00%	INR	0	0.00	Search	0.00%	0.00	0.00
cab near me	Broad match	None	Campaign #1	Ad group 1	0	3	0.00%	INR	0	0.00	Search	0.00%	0.00	0.00
car travels in hubli	Exact match (close variant)	None	Campaign #1	Ad group 1	0	1	0.00%	INR	0	0.00	Search	0.00%	0.00	0.00
yellow cabs	Phrase match (close variant)	None	Campaign #1	Ad group 1	0	1	0.00%	INR	0	0.00	Search	0.00%	0.00	0.00
cab service hubli	Broad match	None	Campaign #1	Ad group 1	1	15	6.67%	INR	9.43	9.43	Search	0.00%	0.00	0.00
rapido hubli	Phrase match (close variant)	None	New Campaign 05/03	Taxi Service	3	19	15.79%	INR	19.64	58.92	Search	0.00%	0.00	0.00
hubli to dandeli car rental	Phrase match (close variant)	None	New Campaign 05/03	Car Rental With Driver	1	3	33.33%	INR	19.70	19.70	Search	0.00%	0.00	0.00
car drivers in hubli	Exact match (close variant)	None	03/22/2026 New Campaign	Ad group 1	0	1	0.00%	INR	0	0.00	Search	0.00%	0.00	0.00
hubli dharwad taxi service	Exact match (close variant)	None	03/22/2026 New Campaign	Ad group 1	0	46	0.00%	INR	0	0.00	Search	0.00%	0.00	0.00
shashi cabs hubli	Phrase match (close variant)	None	03/22/2026 New Campaign	Ad group 1	0	13	0.00%	INR	0	0.00	Search	0.00%	0.00	0.00
taxi service in hubli	Exact match (close variant)	Added	LEADS 11/04	Ad group 1	0	30	0.00%	INR	0	0.00	Search	0.00%	0.00	0.00
udupi to murudeshwar taxi fare	Phrase match (close variant)	None	Campaign #1	Ad group 1	0	2	0.00%	INR	0	0.00	Search	0.00%	0.00	0.00
hubli near falls	Broad match	None	Campaign #1	Ad group 1	0	1	0.00%	INR	0	0.00	Search	0.00%	0.00	0.00
rental car near me	Broad match	None	Campaign #1	Ad group 1	0	3	0.00%	INR	0	0.00	Search	0.00%	0.00	0.00
hubli cab service hubballi	Exact match (close variant)	None	03/22/2026 New Campaign	Ad group 1	0	6	0.00%	INR	0	0.00	Search	0.00%	0.00	0.00
best cab service in hubli	Exact match (close variant)	None	03/22/2026 New Campaign	Ad group 1	0	18	0.00%	INR	0	0.00	Search	0.00%	0.00	0.00
innova rent per km in hubli	Phrase match (close variant)	None	03/22/2026 New Campaign	Ad group 1	0	2	0.00%	INR	0	0.00	Search	0.00%	0.00	0.00
taxi in hubli for outstation	Exact match (close variant)	None	LEADS 11/04	Ad group 1	1	18	5.56%	INR	24.77	24.77	Search	0.00%	0.00	0.00
hubli airport taxi service	Phrase match	None	LEADS 11/04	Ad group 1	0	1	0.00%	INR	0	0.00	Search	0.00%	0.00	0.00
hubli airport taxi service	Phrase match	None	Campaign #1	Ad group 1	1	10	10.00%	INR	11.97	11.97	Search	0.00%	0.00	0.00
online taxi booking near me	Broad match	None	Campaign #1	Ad group 1	0	1	0.00%	INR	0	0.00	Search	0.00%	0.00	0.00
rent car hubli	Broad match	None	Campaign #1	Ad group 1	1	7	14.29%	INR	1.41	1.41	Search	0.00%	0.00	0.00
cab service	Exact match (close variant)	None	Campaign #1	Ad group 1	0	3	0.00%	INR	0	0.00	Search	0.00%	0.00	0.00
cab near me near me	Broad match	None	Campaign #1	Ad group 1	1	1	100.00%	INR	3.17	3.17	Search	0.00%	0.00	0.00
ola patna	Broad match	None	Campaign #1	Ad group 1	0	1	0.00%	INR	0	0.00	Search	0.00%	0.00	0.00
car travels in hubli	Exact match (close variant)	None	New Campaign 05/03	Taxi Service	0	2	0.00%	INR	0	0.00	Search	0.00%	0.00	0.00
tempo traveller 12 seater price in hubli	Phrase match (close variant)	None	New Campaign 05/03	Car Rental With Driver	0	2	0.00%	INR	0	0.00	Search	0.00%	0.00	0.00
rapido hubli	Phrase match (close variant)	None	03/22/2026 New Campaign	Ad group 1	0	33	0.00%	INR	0	0.00	Search	0.00%	0.00	0.00
suman cabs hubli	Phrase match (close variant)	None	LEADS 11/04	Ad group 1	0	2	0.00%	INR	0	0.00	Search	0.00%	0.00	0.00
cabs for rent near me	Broad match	None	Campaign #1	Ad group 1	0	3	0.00%	INR	0	0.00	Search	0.00%	0.00	0.00
dharwad car rental	Broad match	None	Campaign #1	Ad group 1	0	6	0.00%	INR	0	0.00	Search	0.00%	0.00	0.00
hubli tempo traveller	Phrase match (close variant)	None	Campaign #1	Ad group 1	0	1	0.00%	INR	0	0.00	Search	0.00%	0.00	0.00
car for hire	Broad match	None	Campaign #1	Ad group 1	0	2	0.00%	INR	0	0.00	Search	0.00%	0.00	0.00
tours and travels in hubli	Broad match	None	Campaign #1	Ad group 1	0	3	0.00%	INR	0	0.00	Search	0.00%	0.00	0.00
hubli near tourist places	Broad match	None	Campaign #1	Ad group 1	0	1	0.00%	INR	0	0.00	Search	0.00%	0.00	0.00
bila bila taxi	Broad match	None	Campaign #1	Ad group 1	0	1	0.00%	INR	0	0.00	Search	0.00%	0.00	0.00
bal bala car	Broad match	None	Campaign #1	Ad group 1	0	1	0.00%	INR	0	0.00	Search	0.00%	0.00	0.00
oneway drop taxi	Broad match	None	Campaign #1	Ad group 1	0	2	0.00%	INR	0	0.00	Search	0.00%	0.00	0.00
hubli lake	Broad match	None	Campaign #1	Ad group 1	0	1	0.00%	INR	0	0.00	Search	0.00%	0.00	0.00
hubli cabs	Exact match (close variant)	None	New Campaign 05/03	Car Rental With Driver	0	10	0.00%	INR	0	0.00	Search	0.00%	0.00	0.00
car rentals hubli	Exact match (close variant)	None	New Campaign 05/03	Car Rental With Driver	4	13	30.77%	INR	16.84	67.37	Search	0.00%	0.00	0.00
hubli airport taxi	Exact match (close variant)	Added	03/22/2026 New Campaign	Ad group 1	0	1	0.00%	INR	0	0.00	Search	0.00%	0.00	0.00
hubli airport to dharwad taxi charges	Phrase match (close variant)	None	03/22/2026 New Campaign	Ad group 1	0	3	0.00%	INR	0	0.00	Search	0.00%	0.00	0.00
sanjana travels hubli	Broad match	None	Campaign #1	Ad group 1	0	2	0.00%	INR	0	0.00	Search	0.00%	0.00	0.00
rapido hubli	Phrase match (close variant)	None	New Campaign 05/03	Car Rental With Driver	0	5	0.00%	INR	0	0.00	Search	0.00%	0.00	0.00
car on rent in hubli	Exact match (close variant)	None	03/22/2026 New Campaign	Ad group 1	2	10	20.00%	INR	15.64	31.28	Search	0.00%	0.00	0.00
suman cabs hubli	Phrase match (close variant)	None	03/22/2026 New Campaign	Ad group 1	0	5	0.00%	INR	0	0.00	Search	0.00%	0.00	0.00
car rental in hubli	Exact match	Added	LEADS 11/04	Ad group 1	86	"1,087"	7.91%	INR	21.43	1842.83	Search	3.49%	3.00	614.28
car rentals hubli	Phrase match	None	LEADS 11/04	Ad group 1	0	8	0.00%	INR	0	0.00	Search	0.00%	0.00	0.00
car rentals hubli	Phrase match (close variant)	None	LEADS 11/04	Ad group 1	1	6	16.67%	INR	20.24	20.24	Search	0.00%	0.00	0.00
laxmi cab's hubli	Phrase match (close variant)	None	LEADS 11/04	Ad group 1	0	1	0.00%	INR	0	0.00	Search	0.00%	0.00	0.00
travels dharwad	Broad match	None	Campaign #1	Ad group 1	0	1	0.00%	INR	0	0.00	Search	0.00%	0.00	0.00
teksi online	Broad match	None	Campaign #1	Ad group 1	1	1	100.00%	INR	43.65	43.65	Search	0.00%	0.00	0.00
indrive cab	Phrase match (close variant)	None	Campaign #1	Ad group 1	0	1	0.00%	INR	0	0.00	Search	0.00%	0.00	0.00
airport taxi service	Exact match (close variant)	None	Campaign #1	Ad group 1	0	1	0.00%	INR	0	0.00	Search	0.00%	0.00	0.00
bharat taxi booking	Phrase match	None	Campaign #1	Ad group 1	0	1	0.00%	INR	0	0.00	Search	0.00%	0.00	0.00
tempo traveller rent per km in hubli	Phrase match (close variant)	None	Campaign #1	Ad group 1	0	1	0.00%	INR	0	0.00	Search	0.00%	0.00	0.00
car rental in dharwad	Phrase match (close variant)	None	New Campaign 05/03	Car Rental With Driver	3	9	33.33%	INR	18.87	56.61	Search	0.00%	0.00	0.00
hubli dharwad cabs	Phrase match (close variant)	None	New Campaign 05/03	Car Rental With Driver	0	3	0.00%	INR	0	0.00	Search	0.00%	0.00	0.00
hubli to belgaum taxi	Phrase match (close variant)	None	New Campaign 05/03	Taxi Service	0	1	0.00%	INR	0	0.00	Search	0.00%	0.00	0.00
car for rent hubli	Exact match (close variant)	None	New Campaign 05/03	Car Rental With Driver	6	22	27.27%	INR	32.19	193.14	Search	33.33%	2.00	96.57
ola cab in hubli	Phrase match	None	LEADS 11/04	Ad group 1	0	1	0.00%	INR	0	0.00	Search	0.00%	0.00	0.00
rent a car hubli	Exact match (close variant)	None	LEADS 11/04	Ad group 1	6	50	12.00%	INR	23.10	138.57	Search	0.00%	0.00	0.00
cab book near me	Broad match	None	Campaign #1	Ad group 1	0	2	0.00%	INR	0	0.00	Search	0.00%	0.00	0.00
hubli self drive cars	Exact match (close variant)	None	Campaign #1	Ad group 1	0	4	0.00%	INR	0	0.00	Search	0.00%	0.00	0.00
rent a car in hubli	Broad match	None	Campaign #1	Ad group 1	0	2	0.00%	INR	0	0.00	Search	0.00%	0.00	0.00
zoom car airport drop	Broad match	None	Campaign #1	Ad group 1	0	1	0.00%	INR	0	0.00	Search	0.00%	0.00	0.00
ertiga car travel	Broad match	None	Campaign #1	Ad group 1	0	1	0.00%	INR	0	0.00	Search	0.00%	0.00	0.00
trishika car rental hubli	Broad match	None	Campaign #1	Ad group 1	2	8	25.00%	INR	4.35	8.70	Search	0.00%	0.00	0.00
travel agency in hubli	Broad match	None	Campaign #1	Ad group 1	0	3	0.00%	INR	0	0.00	Search	0.00%	0.00	0.00
namma yatri in hubli	Broad match	None	Campaign #1	Ad group 1	0	4	0.00%	INR	0	0.00	Search	0.00%	0.00	0.00
rental car in hubli	Exact match (close variant)	None	New Campaign 05/03	Car Rental With Driver	1	17	5.88%	INR	19.87	19.87	Search	0.00%	0.00	0.00
saicabs hubli	Phrase match (close variant)	None	New Campaign 05/03	Taxi Service	0	1	0.00%	INR	0	0.00	Search	0.00%	0.00	0.00
cab service in hubli	Exact match (close variant)	None	03/22/2026 New Campaign	Ad group 1	26	995	2.61%	INR	17.57	456.86	Search	5.10%	1.33	344.25
namma yatri in hubli	Phrase match (close variant)	None	03/22/2026 New Campaign	Ad group 1	0	3	0.00%	INR	0	0.00	Search	0.00%	0.00	0.00
hubli to goa cabs	Phrase match (close variant)	None	03/22/2026 New Campaign	Ad group 1	0	2	0.00%	INR	0	0.00	Search	0.00%	0.00	0.00
bangalore to hubli car	Phrase match (close variant)	None	03/22/2026 New Campaign	Ad group 1	0	1	0.00%	INR	0	0.00	Search	0.00%	0.00	0.00
car rental in hubli with driver	Phrase match	None	LEADS 11/04	Ad group 1	9	28	32.14%	INR	22.59	203.28	Search	0.00%	0.00	0.00
rental car in hubli	Exact match (close variant)	None	LEADS 11/04	Ad group 1	7	28	25.00%	INR	24.26	169.80	Search	0.00%	0.00	0.00
hubli to gokarna	Broad match	None	Campaign #1	Ad group 1	2	4	50.00%	INR	40.77	81.54	Search	0.00%	0.00	0.00
booking car near me	Broad match	None	Campaign #1	Ad group 1	0	1	0.00%	INR	0	0.00	Search	0.00%	0.00	0.00
hubli travel	Broad match	None	Campaign #1	Ad group 1	1	2	50.00%	INR	1.70	1.70	Search	0.00%	0.00	0.00
online auto booking	Exact match (close variant)	None	Campaign #1	Ad group 1	0	2	0.00%	INR	0	0.00	Search	0.00%	0.00	0.00
force urbania for rent in hubli	Phrase match (close variant)	None	Campaign #1	Ad group 1	0	1	0.00%	INR	0	0.00	Search	0.00%	0.00	0.00
taxi	Phrase match (close variant)	None	Campaign #1	Ad group 1	0	1	0.00%	INR	0	0.00	Search	0.00%	0.00	0.00
tirupati cabs hubballi dharwad	Phrase match (close variant)	None	New Campaign 05/03	Taxi Service	0	4	0.00%	INR	0	0.00	Search	0.00%	0.00	0.00
hubli airport to belgaum taxi fare	Phrase match (close variant)	None	New Campaign 05/03	Taxi Service	0	1	0.00%	INR	0	0.00	Search	0.00%	0.00	0.00
hubli to bangalore car	Phrase match (close variant)	None	LEADS 11/04	Ad group 1	0	1	0.00%	INR	0	0.00	Search	0.00%	0.00	0.00
tempo traveller rent per km in hubli	Broad match	None	Campaign #1	Ad group 1	0	7	0.00%	INR	0	0.00	Search	0.00%	0.00	0.00
drivers for hire	Broad match	None	Campaign #1	Ad group 1	0	3	0.00%	INR	0	0.00	Search	0.00%	0.00	0.00
zoom car hubli	Phrase match (close variant)	None	Campaign #1	Ad group 1	0	2	0.00%	INR	0	0.00	Search	0.00%	0.00	0.00
om travels dharwad	Broad match	None	Campaign #1	Ad group 1	0	1	0.00%	INR	0	0.00	Search	0.00%	0.00	0.00
hubli tempo traveller	Phrase match (close variant)	None	New Campaign 05/03	Car Rental With Driver	1	2	50.00%	INR	19.53	19.53	Search	0.00%	0.00	0.00
self car rental in hubli	Exact match (close variant)	None	New Campaign 05/03	Car Rental With Driver	2	12	16.67%	INR	19.71	39.43	Search	0.00%	0.00	0.00
cab service hubli	Exact match (close variant)	Added	03/22/2026 New Campaign	Ad group 1	0	14	0.00%	INR	0	0.00	Search	0.00%	0.00	0.00
cab in hubli	Exact match (close variant)	None	03/22/2026 New Campaign	Ad group 1	4	59	6.78%	INR	9.75	38.99	Search	0.00%	0.00	0.00
hubli to goa taxi price	Phrase match (close variant)	None	LEADS 11/04	Ad group 1	0	1	0.00%	INR	0	0.00	Search	0.00%	0.00	0.00
innova crysta per km rent	Broad match	None	Campaign #1	Ad group 1	0	1	0.00%	INR	0	0.00	Search	0.00%	0.00	0.00
hubli travels car	Exact match (close variant)	None	Campaign #1	Ad group 1	0	2	0.00%	INR	0	0.00	Search	0.00%	0.00	0.00
visiting places in hubli	Broad match	None	Campaign #1	Ad group 1	0	1	0.00%	INR	0	0.00	Search	0.00%	0.00	0.00
car rental near me	Broad match	None	Campaign #1	Ad group 1	4	27	14.81%	INR	2.31	9.24	Search	0.00%	0.00	0.00
taxi service in hubli airport	Phrase match	None	03/22/2026 New Campaign	Ad group 1	2	43	4.65%	INR	18.88	37.76	Search	0.30%	0.01	6363.26
cab from bangalore to hubli	Phrase match (close variant)	None	03/22/2026 New Campaign	Ad group 1	0	1	0.00%	INR	0	0.00	Search	0.00%	0.00	0.00
tirupati cabs hubli	Phrase match (close variant)	None	LEADS 11/04	Ad group 1	1	3	33.33%	INR	19.32	19.32	Search	0.00%	0.00	0.00
hubli local taxi service	Exact match (close variant)	None	LEADS 11/04	Ad group 1	1	8	12.50%	INR	24.74	24.74	Search	0.00%	0.00	0.00
ganesh tours and travels hubli	Broad match	None	Campaign #1	Ad group 1	0	7	0.00%	INR	0	0.00	Search	0.00%	0.00	0.00
taxi service near by near me	Broad match	None	Campaign #1	Ad group 1	0	4	0.00%	INR	0	0.00	Search	0.00%	0.00	0.00
tempo traveller hubli	Phrase match (close variant)	None	Campaign #1	Ad group 1	0	1	0.00%	INR	0	0.00	Search	0.00%	0.00	0.00
hubli to goa distance by cab	Phrase match (close variant)	None	New Campaign 05/03	Car Rental With Driver	0	2	0.00%	INR	0	0.00	Search	0.00%	0.00	0.00
hubli cab service	Exact match (close variant)	Added	LEADS 11/04	Ad group 1	0	5	0.00%	INR	0	0.00	Search	0.00%	0.00	0.00
car rentals hubli	Exact match (close variant)	None	LEADS 11/04	Ad group 1	13	63	20.63%	INR	19.50	253.56	Search	0.00%	0.00	0.00
hubli travel agencies	Broad match	None	Campaign #1	Ad group 1	0	1	0.00%	INR	0	0.00	Search	0.00%	0.00	0.00
taxi hubli	Broad match	None	Campaign #1	Ad group 1	1	23	4.35%	INR	0.34	0.34	Search	0.00%	0.00	0.00
go taxi	Broad match	None	Campaign #1	Ad group 1	0	1	0.00%	INR	0	0.00	Search	0.00%	0.00	0.00
self driven cars in hubli	Broad match	None	Campaign #1	Ad group 1	0	4	0.00%	INR	0	0.00	Search	0.00%	0.00	0.00
hubli cbt location	Broad match	None	Campaign #1	Ad group 1	0	2	0.00%	INR	0	0.00	Search	0.00%	0.00	0.00
tempo traveller rent in dharwad	Broad match	None	Campaign #1	Ad group 1	0	2	0.00%	INR	0	0.00	Search	0.00%	0.00	0.00
self car rental in hubli	Phrase match	None	LEADS 11/04	Ad group 1	0	4	0.00%	INR	0	0.00	Search	0.00%	0.00	0.00
car rental with driver	Broad match	None	Campaign #1	Ad group 1	1	2	50.00%	INR	145.29	145.29	Search	0.00%	0.00	0.00
www taxi safar com	Phrase match (close variant)	None	Campaign #1	Ad group 1	0	1	0.00%	INR	0	0.00	Search	0.00%	0.00	0.00
tempo traveller in hubli	Broad match	None	Campaign #1	Ad group 1	0	2	0.00%	INR	0	0.00	Search	0.00%	0.00	0.00
car booking online near me	Broad match	None	Campaign #1	Ad group 1	0	1	0.00%	INR	0	0.00	Search	0.00%	0.00	0.00
self drive rental cars in hubli	Broad match	None	Campaign #1	Ad group 1	0	1	0.00%	INR	0	0.00	Search	0.00%	0.00	0.00
rental car near me near me	Broad match	None	Campaign #1	Ad group 1	0	2	0.00%	INR	0	0.00	Search	0.00%	0.00	0.00
cab in hubli	Broad match	None	Campaign #1	Ad group 1	1	2	50.00%	INR	0.34	0.34	Search	0.00%	0.00	0.00
taxi call number	Broad match	None	Campaign #1	Ad group 1	0	1	0.00%	INR	0	0.00	Search	0.00%	0.00	0.00
taxi hubli	Exact match (close variant)	None	03/22/2026 New Campaign	Ad group 1	0	16	0.00%	INR	0	0.00	Search	0.00%	0.00	0.00
hubli to hampi taxi	Phrase match (close variant)	None	03/22/2026 New Campaign	Ad group 1	0	2	0.00%	INR	0	0.00	Search	0.00%	0.00	0.00
cab booking hubli	Exact match	Added	03/22/2026 New Campaign	Ad group 1	5	52	9.62%	INR	19.36	96.82	Search	0.00%	0.00	0.00
car rental in dharwad	Phrase match (close variant)	None	LEADS 11/04	Ad group 1	3	32	9.38%	INR	24.34	73.03	Search	0.00%	0.00	0.00
sagar travels best taxi service and car rental in hubli	Broad match	None	Campaign #1	Ad group 1	0	1	0.00%	INR	0	0.00	Search	0.00%	0.00	0.00
online taxi booking	Broad match	None	Campaign #1	Ad group 1	0	1	0.00%	INR	0	0.00	Search	0.00%	0.00	0.00
book ola cab	Phrase match (close variant)	None	Campaign #1	Ad group 1	0	2	0.00%	INR	0	0.00	Search	0.00%	0.00	0.00
rapido number	Broad match	None	Campaign #1	Ad group 1	0	1	0.00%	INR	0	0.00	Search	0.00%	0.00	0.00
hubli self drive car rental	Exact match (close variant)	None	Campaign #1	Ad group 1	3	7	42.86%	INR	1.84	5.51	Search	0.00%	0.00	0.00
sujata complex ganesh travels hubli	Broad match	None	Campaign #1	Ad group 1	1	12	8.33%	INR	1.09	1.09	Search	0.00%	0.00	0.00
nearby places to visit in hubli	Broad match	None	Campaign #1	Ad group 1	0	1	0.00%	INR	0	0.00	Search	0.00%	0.00	0.00
hubli to gokarna cab	Phrase match (close variant)	None	New Campaign 05/03	Taxi Service	0	1	0.00%	INR	0	0.00	Search	0.00%	0.00	0.00
hubli to dandeli taxi price	Phrase match (close variant)	None	New Campaign 05/03	Car Rental With Driver	0	1	0.00%	INR	0	0.00	Search	0.00%	0.00	0.00
hubli taxi services	Exact match (close variant)	None	New Campaign 05/03	Taxi Service	0	2	0.00%	INR	0	0.00	Search	0.00%	0.00	0.00
hubli to gokarna taxi	Phrase match (close variant)	None	03/22/2026 New Campaign	Ad group 1	0	1	0.00%	INR	0	0.00	Search	0.00%	0.00	0.00
urbania car 10 seater rent	Broad match	None	Campaign #1	Ad group 1	0	1	0.00%	INR	0	0.00	Search	0.00%	0.00	0.00
self drive cars in hubli	Broad match	None	Campaign #1	Ad group 1	0	1	0.00%	INR	0	0.00	Search	0.00%	0.00	0.00
rental cars in dandeli	Broad match	None	Campaign #1	Ad group 1	0	1	0.00%	INR	0	0.00	Search	0.00%	0.00	0.00
rapido car	Broad match	None	Campaign #1	Ad group 1	0	1	0.00%	INR	0	0.00	Search	0.00%	0.00	0.00
rapido online booking	Phrase match (close variant)	None	Campaign #1	Ad group 1	0	1	0.00%	INR	0	0.00	Search	0.00%	0.00	0.00
taxi service near me	Phrase match (close variant)	None	Campaign #1	Ad group 1	0	2	0.00%	INR	0	0.00	Search	0.00%	0.00	0.00
hubli how many kilometre	Broad match	None	Campaign #1	Ad group 1	1	1	100.00%	INR	0.36	0.36	Search	0.00%	0.00	0.00
uber cab booking	Broad match	None	Campaign #1	Ad group 1	0	2	0.00%	INR	0	0.00	Search	0.00%	0.00	0.00
rental cars in dharwad	Broad match	None	Campaign #1	Ad group 1	0	3	0.00%	INR	0	0.00	Search	0.00%	0.00	0.00
cab booking in hubli	Exact match (close variant)	None	New Campaign 05/03	Taxi Service	1	7	14.29%	INR	19.33	19.33	Search	0.00%	0.00	0.00
car rental in hubli without driver	Phrase match	None	New Campaign 05/03	Car Rental With Driver	2	6	33.33%	INR	19.61	39.22	Search	0.00%	0.00	0.00
cabs in hubli	Exact match (close variant)	None	New Campaign 05/03	Taxi Service	3	15	20.00%	INR	19.45	58.35	Search	33.33%	1.00	58.35
car rent per km in hubli	Phrase match (close variant)	None	New Campaign 05/03	Taxi Service	0	2	0.00%	INR	0	0.00	Search	0.00%	0.00	0.00
hubli to dandeli taxi price	Phrase match (close variant)	None	03/22/2026 New Campaign	Ad group 1	0	2	0.00%	INR	0	0.00	Search	0.00%	0.00	0.00
taxi in hubli for outstation	Exact match (close variant)	None	03/22/2026 New Campaign	Ad group 1	0	8	0.00%	INR	0	0.00	Search	0.00%	0.00	0.00
zoom car in hubli	Phrase match (close variant)	None	LEADS 11/04	Ad group 1	5	9	55.56%	INR	23.73	118.64	Search	0.00%	0.00	0.00
hubli cab service hubballi	Exact match (close variant)	None	LEADS 11/04	Ad group 1	0	2	0.00%	INR	0	0.00	Search	0.00%	0.00	0.00
near travels	Broad match	None	Campaign #1	Ad group 1	0	2	0.00%	INR	0	0.00	Search	0.00%	0.00	0.00
uber cab booking	Phrase match (close variant)	None	Campaign #1	Ad group 1	0	5	0.00%	INR	0	0.00	Search	0.00%	0.00	0.00
one day car rental in chennai with driver	Broad match	None	Campaign #1	Ad group 1	0	1	0.00%	INR	0	0.00	Search	0.00%	0.00	0.00
cab booking hubli	Exact match (close variant)	None	New Campaign 05/03	Taxi Service	0	8	0.00%	INR	0	0.00	Search	0.00%	0.00	0.00
tirupati cabs hubli dharwad	Phrase match (close variant)	None	New Campaign 05/03	Car Rental With Driver	0	1	0.00%	INR	0	0.00	Search	0.00%	0.00	0.00
hubli car rentals	Exact match (close variant)	None	New Campaign 05/03	Car Rental With Driver	1	4	25.00%	INR	19.47	19.47	Search	0.00%	0.00	0.00
rent car hubli	Exact match (close variant)	None	New Campaign 05/03	Car Rental With Driver	3	23	13.04%	INR	25.65	76.96	Search	0.00%	0.00	0.00
car rental in hubli with driver	Phrase match (close variant)	None	LEADS 11/04	Ad group 1	0	1	0.00%	INR	0	0.00	Search	0.00%	0.00	0.00
hubli to goa taxi	Exact match	Added	03/22/2026 New Campaign	Ad group 1	0	3	0.00%	INR	0	0.00	Search	0.00%	0.00	0.00
car on rent in hubli	Broad match	None	Campaign #1	Ad group 1	1	6	16.67%	INR	6.86	6.86	Search	0.00%	0.00	0.00
rohin travels hubli	Broad match	None	Campaign #1	Ad group 1	0	2	0.00%	INR	0	0.00	Search	0.00%	0.00	0.00
ola book app	Phrase match (close variant)	None	Campaign #1	Ad group 1	0	1	0.00%	INR	0	0.00	Search	0.00%	0.00	0.00
travels car price	Broad match	None	Campaign #1	Ad group 1	0	1	0.00%	INR	0	0.00	Search	0.00%	0.00	0.00
self drive fortuner on rent	Broad match	None	Campaign #1	Ad group 1	0	1	0.00%	INR	0	0.00	Search	0.00%	0.00	0.00
hubli rental cars	Exact match (close variant)	None	New Campaign 05/03	Taxi Service	0	3	0.00%	INR	0	0.00	Search	0.00%	0.00	0.00
rapido service in hubli	Phrase match (close variant)	None	LEADS 11/04	Ad group 1	0	3	0.00%	INR	0	0.00	Search	0.00%	0.00	0.00
self drive rental cars in hubli	Exact match (close variant)	None	Campaign #1	Ad group 1	3	3	100.00%	INR	1.15	3.44	Search	0.00%	0.00	0.00
ertiga car hire	Broad match	None	Campaign #1	Ad group 1	0	2	0.00%	INR	0	0.00	Search	0.00%	0.00	0.00
ola cab price for 50 km	Phrase match (close variant)	None	Campaign #1	Ad group 1	0	1	0.00%	INR	0	0.00	Search	0.00%	0.00	0.00
cabs near me	Phrase match (close variant)	None	Campaign #1	Ad group 1	0	1	0.00%	INR	0	0.00	Search	0.00%	0.00	0.00
hubli car rentals	Exact match (close variant)	None	Campaign #1	Ad group 1	0	1	0.00%	INR	0	0.00	Search	0.00%	0.00	0.00
cab car booking	Broad match	None	Campaign #1	Ad group 1	0	1	0.00%	INR	0	0.00	Search	0.00%	0.00	0.00
hubli cabs best cab service in hubli best taxi service in hubli dharwad	Broad match	None	Campaign #1	Ad group 1	1	26	3.85%	INR	75.98	75.98	Search	0.00%	0.00	0.00
transport in hubli	Broad match	None	Campaign #1	Ad group 1	0	3	0.00%	INR	0	0.00	Search	0.00%	0.00	0.00
shimla to manali cab fare	Phrase match (close variant)	None	Campaign #1	Ad group 1	0	1	0.00%	INR	0	0.00	Search	0.00%	0.00	0.00
cab service in hubli	Exact match (close variant)	None	New Campaign 05/03	Car Rental With Driver	0	3	0.00%	INR	0	0.00	Search	0.00%	0.00	0.00
rent a car hubli	Exact match (close variant)	None	New Campaign 05/03	Taxi Service	1	2	50.00%	INR	32.23	32.23	Search	0.00%	0.00	0.00
zoom car hubli	Phrase match (close variant)	None	New Campaign 05/03	Car Rental With Driver	1	8	12.50%	INR	19.47	19.47	Search	0.00%	0.00	0.00
uber available in hubli	Phrase match (close variant)	None	LEADS 11/04	Ad group 1	0	1	0.00%	INR	0	0.00	Search	0.00%	0.00	0.00
hubli to goa cab fare	Phrase match (close variant)	None	LEADS 11/04	Ad group 1	0	2	0.00%	INR	0	0.00	Search	0.00%	0.00	0.00
manikanta cabs hubli	Phrase match (close variant)	None	LEADS 11/04	Ad group 1	0	1	0.00%	INR	0	0.00	Search	0.00%	0.00	0.00
taxi services in hubli	Exact match (close variant)	None	03/22/2026 New Campaign	Ad group 1	2	80	2.50%	INR	19.57	39.14	Search	0.00%	0.00	0.00
vrl hubli	Broad match	None	Campaign #1	Ad group 1	1	1	100.00%	INR	0.42	0.42	Search	0.00%	0.00	0.00
uber taxi	Broad match	None	Campaign #1	Ad group 1	0	7	0.00%	INR	0	0.00	Search	0.00%	0.00	0.00
airport cab service	Exact match (close variant)	None	Campaign #1	Ad group 1	0	3	0.00%	INR	0	0.00	Search	0.00%	0.00	0.00
second hand cars in hubli	Broad match	None	Campaign #1	Ad group 1	0	1	0.00%	INR	0	0.00	Search	0.00%	0.00	0.00
taxi service hubli	Exact match (close variant)	None	Campaign #1	Ad group 1	0	1	0.00%	INR	0	0.00	Search	0.00%	0.00	0.00
car rent dharwad	Broad match	None	Campaign #1	Ad group 1	0	6	0.00%	INR	0	0.00	Search	0.00%	0.00	0.00
tt travels in hubli	Phrase match (close variant)	None	New Campaign 05/03	Car Rental With Driver	2	20	10.00%	INR	19.94	39.88	Search	125.00%	2.50	15.95
shiva cabs hubli	Phrase match (close variant)	None	New Campaign 05/03	Car Rental With Driver	0	1	0.00%	INR	0	0.00	Search	0.00%	0.00	0.00
virat cabs in hubli	Phrase match	None	03/22/2026 New Campaign	Ad group 1	0	1	0.00%	INR	0	0.00	Search	0.00%	0.00	0.00
hubli rent car	Exact match (close variant)	None	03/22/2026 New Campaign	Ad group 1	0	4	0.00%	INR	0	0.00	Search	0.00%	0.00	0.00
rent car in hubli	Exact match	Added	LEADS 11/04	Ad group 1	10	29	34.48%	INR	23.10	231.00	Search	0.00%	0.00	0.00
rapido auto booking	Phrase match (close variant)	None	Campaign #1	Ad group 1	0	1	0.00%	INR	0	0.00	Search	0.00%	0.00	0.00
hubli taxi booking	Broad match	None	Campaign #1	Ad group 1	1	1	100.00%	INR	12.14	12.14	Search	0.00%	0.00	0.00
car rental hubli	Broad match	None	Campaign #1	Ad group 1	2	21	9.52%	INR	57.88	115.76	Search	0.00%	0.00	0.00
how to book uber outstation cab	Broad match	None	Campaign #1	Ad group 1	0	1	0.00%	INR	0	0.00	Search	0.00%	0.00	0.00
local taxi service	Broad match	None	Campaign #1	Ad group 1	0	1	0.00%	INR	0	0.00	Search	0.00%	0.00	0.00
namma yatri	Broad match	None	Campaign #1	Ad group 1	0	3	0.00%	INR	0	0.00	Search	0.00%	0.00	0.00
cab service in hubli	Exact match (close variant)	Added	Campaign #1	Ad group 1	0	3	0.00%	INR	0	0.00	Search	0.00%	0.00	0.00
hubli to goa cab	Phrase match (close variant)	None	New Campaign 05/03	Car Rental With Driver	0	1	0.00%	INR	0	0.00	Search	0.00%	0.00	0.00
car rent in hubli	Exact match (close variant)	None	LEADS 11/04	Ad group 1	4	52	7.69%	INR	23.02	92.08	Search	0.00%	0.00	0.00
car rental dharwad	Phrase match (close variant)	None	LEADS 11/04	Ad group 1	1	8	12.50%	INR	24.68	24.68	Search	0.00%	0.00	0.00
hubli dharwad cabs	Exact match (close variant)	None	LEADS 11/04	Ad group 1	0	14	0.00%	INR	0	0.00	Search	0.00%	0.00	0.00
hubli dharwad cabs best cab service in hubli best taxi service in hubli	Exact match (close variant)	None	LEADS 11/04	Ad group 1	0	7	0.00%	INR	0	0.00	Search	0.00%	0.00	0.00
car agency rental	Broad match	None	Campaign #1	Ad group 1	0	1	0.00%	INR	0	0.00	Search	0.00%	0.00	0.00
car travels near me	Broad match	None	Campaign #1	Ad group 1	1	4	25.00%	INR	1.01	1.01	Search	0.00%	0.00	0.00
online ola	Broad match	None	Campaign #1	Ad group 1	0	1	0.00%	INR	0	0.00	Search	0.00%	0.00	0.00
tour and travels near me	Broad match	None	Campaign #1	Ad group 1	0	1	0.00%	INR	0	0.00	Search	0.00%	0.00	0.00
car rent near me	Broad match	None	Campaign #1	Ad group 1	0	2	0.00%	INR	0	0.00	Search	0.00%	0.00	0.00
innova booking near me	Broad match	None	Campaign #1	Ad group 1	0	1	0.00%	INR	0	0.00	Search	0.00%	0.00	0.00
cab	Broad match	None	Campaign #1	Ad group 1	0	10	0.00%	INR	0	0.00	Search	0.00%	0.00	0.00
ola auto app	Phrase match (close variant)	None	Campaign #1	Ad group 1	0	1	0.00%	INR	0	0.00	Search	0.00%	0.00	0.00
car hire hubli	Exact match	Added	New Campaign 05/03	Car Rental With Driver	0	1	0.00%	INR	0	0.00	Search	0.00%	0.00	0.00
car rental in hubli with driver	Phrase match (close variant)	None	New Campaign 05/03	Car Rental With Driver	0	2	0.00%	INR	0	0.00	Search	0.00%	0.00	0.00
cab in hubli	Exact match (close variant)	None	New Campaign 05/03	Car Rental With Driver	0	4	0.00%	INR	0	0.00	Search	0.00%	0.00	0.00
cab booking in hubli	Exact match (close variant)	None	New Campaign 05/03	Car Rental With Driver	0	6	0.00%	INR	0	0.00	Search	0.00%	0.00	0.00
best taxi service in hubli	Exact match (close variant)	None	03/22/2026 New Campaign	Ad group 1	6	112	5.36%	INR	17.21	103.25	Search	0.10%	0.01	17402.66
hubli to goa car rental price	Phrase match (close variant)	None	03/22/2026 New Campaign	Ad group 1	0	7	0.00%	INR	0	0.00	Search	0.00%	0.00	0.00
nikhil travels hubli	Phrase match (close variant)	None	LEADS 11/04	Ad group 1	0	1	0.00%	INR	0	0.00	Search	0.00%	0.00	0.00
namma yatri hubli	Phrase match (close variant)	None	LEADS 11/04	Ad group 1	0	1	0.00%	INR	0	0.00	Search	0.00%	0.00	0.00
shashi cabs hubli	Broad match	None	Campaign #1	Ad group 1	0	4	0.00%	INR	0	0.00	Search	0.00%	0.00	0.00
cheap drivers near me	Broad match	None	Campaign #1	Ad group 1	0	1	0.00%	INR	0	0.00	Search	0.00%	0.00	0.00
private cabs near me	Broad match	None	Campaign #1	Ad group 1	0	1	0.00%	INR	0	0.00	Search	0.00%	0.00	0.00
taxi service in dharwad	Phrase match (close variant)	None	Campaign #1	Ad group 1	1	3	33.33%	INR	19.30	19.30	Search	0.00%	0.00	0.00
bangalore cab service	Phrase match (close variant)	None	Campaign #1	Ad group 1	0	1	0.00%	INR	0	0.00	Search	0.00%	0.00	0.00
best taxi service in hubli	Broad match	Added	Campaign #1	Ad group 1	0	2	0.00%	INR	0	0.00	Search	0.00%	0.00	0.00
taxi service for outstation	Broad match	None	Campaign #1	Ad group 1	0	1	0.00%	INR	0	0.00	Search	0.00%	0.00	0.00
car rent per km in hubli	Exact match (close variant)	None	New Campaign 05/03	Car Rental With Driver	0	2	0.00%	INR	0	0.00	Search	0.00%	0.00	0.00
car booking hubli	Exact match	Added	New Campaign 05/03	Car Rental With Driver	2	18	11.11%	INR	50.69	101.38	Search	0.00%	0.00	0.00
taxi in hubli	Exact match (close variant)	None	03/22/2026 New Campaign	Ad group 1	5	128	3.91%	INR	18.27	91.36	Search	0.00%	0.00	0.00
car service in hubli	Exact match (close variant)	None	03/22/2026 New Campaign	Ad group 1	0	7	0.00%	INR	0	0.00	Search	0.00%	0.00	0.00
hubli car rent	Exact match (close variant)	None	03/22/2026 New Campaign	Ad group 1	1	20	5.00%	INR	19.52	19.52	Search	0.00%	0.00	0.00
hubli taxi rental	Exact match (close variant)	None	03/22/2026 New Campaign	Ad group 1	0	3	0.00%	INR	0	0.00	Search	0.00%	0.00	0.00
car for rent near me	Broad match	None	Campaign #1	Ad group 1	0	1	0.00%	INR	0	0.00	Search	0.00%	0.00	0.00
near taxi	Broad match	None	Campaign #1	Ad group 1	0	1	0.00%	INR	0	0.00	Search	0.00%	0.00	0.00
hubli automobiles	Broad match	None	Campaign #1	Ad group 1	0	1	0.00%	INR	0	0.00	Search	0.00%	0.00	0.00
tirupati cabs hubballi dharwad	Phrase match (close variant)	None	Campaign #1	Ad group 1	0	1	0.00%	INR	0	0.00	Search	0.00%	0.00	0.00
hubli car rental	Exact match (close variant)	None	New Campaign 05/03	Taxi Service	0	11	0.00%	INR	0	0.00	Search	0.00%	0.00	0.00
hubli to goa car	Exact match (close variant)	None	03/22/2026 New Campaign	Ad group 1	0	1	0.00%	INR	0	0.00	Search	0.00%	0.00	0.00
car rental in hubli dharwad	Exact match (close variant)	None	03/22/2026 New Campaign	Ad group 1	2	5	40.00%	INR	19.68	39.36	Search	0.00%	0.00	0.00
hubli auto booking	Exact match (close variant)	None	03/22/2026 New Campaign	Ad group 1	0	2	0.00%	INR	0	0.00	Search	0.00%	0.00	0.00
car for rent in hubli	Exact match (close variant)	None	Campaign #1	Ad group 1	1	7	14.29%	INR	13.46	13.46	Search	0.00%	0.00	0.00
7 seater cars booking	Broad match	None	Campaign #1	Ad group 1	1	1	100.00%	INR	7.10	7.10	Search	0.00%	0.00	0.00
true value hubli cars	Broad match	None	Campaign #1	Ad group 1	0	1	0.00%	INR	0	0.00	Search	0.00%	0.00	0.00
travels in hubli dharwad	Broad match	None	Campaign #1	Ad group 1	1	7	14.29%	INR	0.69	0.69	Search	0.00%	0.00	0.00
cabs near me	Broad match	None	Campaign #1	Ad group 1	0	11	0.00%	INR	0	0.00	Search	0.00%	0.00	0.00
rapido available in hubli	Phrase match (close variant)	None	New Campaign 05/03	Taxi Service	0	2	0.00%	INR	0	0.00	Search	0.00%	0.00	0.00
is rapido available in hubli	Phrase match (close variant)	None	New Campaign 05/03	Taxi Service	0	1	0.00%	INR	0	0.00	Search	0.00%	0.00	0.00
taxi service in hubli	Exact match (close variant)	Added	New Campaign 05/03	Taxi Service	0	3	0.00%	INR	0	0.00	Search	0.00%	0.00	0.00
hubli car rent	Exact match (close variant)	None	New Campaign 05/03	Car Rental With Driver	2	8	25.00%	INR	18.90	37.79	Search	50.00%	1.00	37.79
hubli self rental cars	Exact match (close variant)	None	LEADS 11/04	Ad group 1	0	1	0.00%	INR	0	0.00	Search	0.00%	0.00	0.00
tempo for hire near me	Broad match	None	Campaign #1	Ad group 1	0	1	0.00%	INR	0	0.00	Search	0.00%	0.00	0.00
fastrack cab booking	Phrase match (close variant)	None	Campaign #1	Ad group 1	0	1	0.00%	INR	0	0.00	Search	0.00%	0.00	0.00
vinayak cars hubli	Broad match	None	Campaign #1	Ad group 1	0	2	0.00%	INR	0	0.00	Search	0.00%	0.00	0.00
rent a car	Broad match	None	Campaign #1	Ad group 1	0	5	0.00%	INR	0	0.00	Search	0.00%	0.00	0.00
hubli things to do	Broad match	None	Campaign #1	Ad group 1	0	1	0.00%	INR	0	0.00	Search	0.00%	0.00	0.00
online ola cab booking	Phrase match (close variant)	None	Campaign #1	Ad group 1	0	1	0.00%	INR	0	0.00	Search	0.00%	0.00	0.00
my drive car rental	Broad match	None	Campaign #1	Ad group 1	0	1	0.00%	INR	0	0.00	Search	0.00%	0.00	0.00
cng car booking	Broad match	None	Campaign #1	Ad group 1	0	1	0.00%	INR	0	0.00	Search	0.00%	0.00	0.00
rental car in hubli	Exact match (close variant)	None	New Campaign 05/03	Taxi Service	0	1	0.00%	INR	0	0.00	Search	0.00%	0.00	0.00
hubli rapido	Phrase match (close variant)	None	New Campaign 05/03	Taxi Service	1	10	10.00%	INR	19.38	19.38	Search	0.00%	0.00	0.00
rent a car in hubli with driver	Exact match (close variant)	None	New Campaign 05/03	Taxi Service	0	3	0.00%	INR	0	0.00	Search	0.00%	0.00	0.00
hubli taxi	Exact match	Added	New Campaign 05/03	Taxi Service	0	2	0.00%	INR	0	0.00	Search	0.00%	0.00	0.00
taxi from hubli to goa	Exact match (close variant)	None	03/22/2026 New Campaign	Ad group 1	1	3	33.33%	INR	19.72	19.72	Search	0.00%	0.00	0.00
hubli to bangalore car rental	Phrase match	None	LEADS 11/04	Ad group 1	1	1	100.00%	INR	13.98	13.98	Search	0.00%	0.00	0.00
hubli taxi services	Exact match (close variant)	None	LEADS 11/04	Ad group 1	0	4	0.00%	INR	0	0.00	Search	0.00%	0.00	0.00
hubli to	Broad match	None	Campaign #1	Ad group 1	0	3	0.00%	INR	0	0.00	Search	0.00%	0.00	0.00
taxi service dharwad	Phrase match (close variant)	None	Campaign #1	Ad group 1	0	1	0.00%	INR	0	0.00	Search	0.00%	0.00	0.00
cab near me now near me	Phrase match (close variant)	None	Campaign #1	Ad group 1	1	1	100.00%	INR	1.02	1.02	Search	0.00%	0.00	0.00
ertiga rental per km	Broad match	None	Campaign #1	Ad group 1	0	1	0.00%	INR	0	0.00	Search	0.00%	0.00	0.00
rent taxi near me	Broad match	None	Campaign #1	Ad group 1	0	2	0.00%	INR	0	0.00	Search	0.00%	0.00	0.00
hubli travels	Broad match	None	Campaign #1	Ad group 1	2	6	33.33%	INR	2.53	5.06	Search	0.00%	0.00	0.00
viramgam to shankheshwar taxi fare	Phrase match (close variant)	None	Campaign #1	Ad group 1	0	1	0.00%	INR	0	0.00	Search	0.00%	0.00	0.00
nearby places to hubli	Broad match	None	Campaign #1	Ad group 1	0	1	0.00%	INR	0	0.00	Search	0.00%	0.00	0.00
rent car near me	Broad match	None	Campaign #1	Ad group 1	0	1	0.00%	INR	0	0.00	Search	0.00%	0.00	0.00
tempo traveller in hubli	Phrase match (close variant)	None	New Campaign 05/03	Car Rental With Driver	0	13	0.00%	INR	0	0.00	Search	0.00%	0.00	0.00
hubli rent car	Exact match (close variant)	None	LEADS 11/04	Ad group 1	2	16	12.50%	INR	24.13	48.26	Search	0.00%	0.00	0.00
sai cabs hubli	Phrase match (close variant)	None	LEADS 11/04	Ad group 1	0	4	0.00%	INR	0	0.00	Search	0.00%	0.00	0.00
car rental hubli price	Exact match (close variant)	None	LEADS 11/04	Ad group 1	3	36	8.33%	INR	24.03	72.09	Search	0.00%	0.00	0.00
hubli to bangalore taxi service	Phrase match	None	LEADS 11/04	Ad group 1	1	2	50.00%	INR	23.38	23.38	Search	0.00%	0.00	0.00
cabs in hubli	Exact match (close variant)	Added	03/22/2026 New Campaign	Ad group 1	0	12	0.00%	INR	0	0.00	Search	0.00%	0.00	0.00
rapido available in hubli	Phrase match (close variant)	None	03/22/2026 New Campaign	Ad group 1	0	7	0.00%	INR	0	0.00	Search	0.00%	0.00	0.00
car rental from hubli to bangalore	Phrase match (close variant)	None	03/22/2026 New Campaign	Ad group 1	0	1	0.00%	INR	0	0.00	Search	0.00%	0.00	0.00
innova taxi price	Broad match	None	Campaign #1	Ad group 1	1	1	100.00%	INR	13.51	13.51	Search	0.00%	0.00	0.00
online cab service	Broad match	None	Campaign #1	Ad group 1	0	1	0.00%	INR	0	0.00	Search	0.00%	0.00	0.00
savaari taxi service	Broad match	None	Campaign #1	Ad group 1	0	2	0.00%	INR	0	0.00	Search	0.00%	0.00	0.00
car rental in hubli	Broad match	Added	Campaign #1	Ad group 1	0	10	0.00%	INR	0	0.00	Search	0.00%	0.00	0.00
hubli to goa cab fare	Phrase match (close variant)	None	New Campaign 05/03	Taxi Service	2	4	50.00%	INR	19.68	39.36	Search	0.00%	0.00	0.00
car rental in hubli with driver	Exact match (close variant)	None	New Campaign 05/03	Taxi Service	2	11	18.18%	INR	19.08	38.15	Search	0.00%	0.00	0.00
car rental for taxi drivers	Broad match	None	Campaign #1	Ad group 1	0	1	0.00%	INR	0	0.00	Search	0.00%	0.00	0.00
maya car taxi	Phrase match (close variant)	None	Campaign #1	Ad group 1	0	1	0.00%	INR	0	0.00	Search	0.00%	0.00	0.00
cab fare	Phrase match (close variant)	None	Campaign #1	Ad group 1	0	1	0.00%	INR	0	0.00	Search	0.00%	0.00	0.00
emergency taxi service near me	Phrase match (close variant)	None	Campaign #1	Ad group 1	0	1	0.00%	INR	0	0.00	Search	0.00%	0.00	0.00
car rent price per day	Broad match	None	Campaign #1	Ad group 1	0	1	0.00%	INR	0	0.00	Search	0.00%	0.00	0.00
dharwad rental car	Broad match	None	Campaign #1	Ad group 1	0	2	0.00%	INR	0	0.00	Search	0.00%	0.00	0.00
cars for rent in hubli	Broad match	None	Campaign #1	Ad group 1	0	2	0.00%	INR	0	0.00	Search	0.00%	0.00	0.00
rapido taxi	Phrase match (close variant)	None	Campaign #1	Ad group 1	0	1	0.00%	INR	0	0.00	Search	0.00%	0.00	0.00
drivers in hubli	Broad match	None	Campaign #1	Ad group 1	0	1	0.00%	INR	0	0.00	Search	0.00%	0.00	0.00
cab service hubli	Exact match (close variant)	None	New Campaign 05/03	Taxi Service	0	2	0.00%	INR	0	0.00	Search	0.00%	0.00	0.00
rapido in hubli	Phrase match (close variant)	None	New Campaign 05/03	Car Rental With Driver	0	8	0.00%	INR	0	0.00	Search	0.00%	0.00	0.00
swadeshi car rental hubli	Phrase match (close variant)	None	New Campaign 05/03	Car Rental With Driver	1	2	50.00%	INR	19.97	19.97	Search	0.00%	0.00	0.00
rapido office hubli	Phrase match (close variant)	None	LEADS 11/04	Ad group 1	0	1	0.00%	INR	0	0.00	Search	0.00%	0.00	0.00
rental cars in hubli without driver price	Phrase match	None	LEADS 11/04	Ad group 1	1	3	33.33%	INR	18.00	18.00	Search	0.00%	0.00	0.00
bangalore to hubli car rental price	Phrase match (close variant)	None	03/22/2026 New Campaign	Ad group 1	0	1	0.00%	INR	0	0.00	Search	0.00%	0.00	0.00
taxi service in hubli	Exact match	Added	03/22/2026 New Campaign	Ad group 1	28	757	3.70%	INR	18.84	527.60	Search	0.00%	0.00	0.00
tt travels near me	Broad match	None	Campaign #1	Ad group 1	0	2	0.00%	INR	0	0.00	Search	0.00%	0.00	0.00
cruiser rent in hubli	Phrase match (close variant)	None	Campaign #1	Ad group 1	0	1	0.00%	INR	0	0.00	Search	0.00%	0.00	0.00
dharwad taxi service	Phrase match (close variant)	None	Campaign #1	Ad group 1	0	4	0.00%	INR	0	0.00	Search	0.00%	0.00	0.00
cab rental near me	Exact match (close variant)	None	Campaign #1	Ad group 1	0	1	0.00%	INR	0	0.00	Search	0.00%	0.00	0.00
how to book airport taxi	Phrase match (close variant)	None	Campaign #1	Ad group 1	0	1	0.00%	INR	0	0.00	Search	0.00%	0.00	0.00
sai cabs hubli	Phrase match (close variant)	None	New Campaign 05/03	Taxi Service	0	1	0.00%	INR	0	0.00	Search	0.00%	0.00	0.00
cars for rent in hubli	Exact match (close variant)	None	New Campaign 05/03	Taxi Service	0	1	0.00%	INR	0	0.00	Search	0.00%	0.00	0.00
rapido in hubli	Phrase match (close variant)	None	LEADS 11/04	Ad group 1	2	94	2.13%	INR	23.89	47.78	Search	0.00%	0.00	0.00
suman cabs pvt ltd	Phrase match (close variant)	None	LEADS 11/04	Ad group 1	1	1	100.00%	INR	24.88	24.88	Search	0.00%	0.00	0.00
rent car hubli	Exact match (close variant)	None	LEADS 11/04	Ad group 1	16	120	13.33%	INR	23.20	371.17	Search	6.25%	1.00	371.17
places near hubli to visit	Broad match	None	Campaign #1	Ad group 1	0	1	0.00%	INR	0	0.00	Search	0.00%	0.00	0.00
mettupalayam taxi	Phrase match (close variant)	None	Campaign #1	Ad group 1	0	1	0.00%	INR	0	0.00	Search	0.00%	0.00	0.00
yatri sathi	Broad match	None	Campaign #1	Ad group 1	0	1	0.00%	INR	0	0.00	Search	0.00%	0.00	0.00
travel cab booking	Broad match	None	Campaign #1	Ad group 1	0	1	0.00%	INR	0	0.00	Search	0.00%	0.00	0.00
car booking with driver	Broad match	None	Campaign #1	Ad group 1	0	1	0.00%	INR	0	0.00	Search	0.00%	0.00	0.00
ola car booking app	Phrase match (close variant)	None	Campaign #1	Ad group 1	0	1	0.00%	INR	0	0.00	Search	0.00%	0.00	0.00
rental car in hubli	Broad match	None	Campaign #1	Ad group 1	2	7	28.57%	INR	2.13	4.25	Search	0.00%	0.00	0.00
rent car in dharwad	Broad match	None	Campaign #1	Ad group 1	0	2	0.00%	INR	0	0.00	Search	0.00%	0.00	0.00
tirupati cabs hubli	Phrase match (close variant)	None	New Campaign 05/03	Car Rental With Driver	0	2	0.00%	INR	0	0.00	Search	0.00%	0.00	0.00
car hubli	Exact match (close variant)	None	New Campaign 05/03	Car Rental With Driver	0	2	0.00%	INR	0	0.00	Search	0.00%	0.00	0.00
raahiz travels hubli	Phrase match (close variant)	None	New Campaign 05/03	Car Rental With Driver	0	2	0.00%	INR	0	0.00	Search	0.00%	0.00	0.00
shashi cabs hubli	Phrase match (close variant)	None	New Campaign 05/03	Taxi Service	0	1	0.00%	INR	0	0.00	Search	0.00%	0.00	0.00
cab service in hubli	Exact match	Added	New Campaign 05/03	Taxi Service	10	140	7.14%	INR	19.38	193.79	Search	0.00%	0.00	0.00
rapido book online bike	Broad match	None	Campaign #1	Ad group 1	0	1	0.00%	INR	0	0.00	Search	0.00%	0.00	0.00
taxi service in hubli	Exact match (close variant)	Added	Campaign #1	Ad group 1	0	4	0.00%	INR	0	0.00	Search	0.00%	0.00	0.00
ola cab price	Phrase match (close variant)	None	Campaign #1	Ad group 1	0	1	0.00%	INR	0	0.00	Search	0.00%	0.00	0.00
second hand car in hubli	Broad match	None	Campaign #1	Ad group 1	0	1	0.00%	INR	0	0.00	Search	0.00%	0.00	0.00
rohin tours and travels hubli	Broad match	None	Campaign #1	Ad group 1	0	18	0.00%	INR	0	0.00	Search	0.00%	0.00	0.00
hubli taxi service rates	Phrase match (close variant)	None	LEADS 11/04	Ad group 1	0	2	0.00%	INR	0	0.00	Search	0.00%	0.00	0.00
self driven car rental in hubli	Phrase match	None	LEADS 11/04	Ad group 1	1	3	33.33%	INR	23.47	23.47	Search	0.00%	0.00	0.00
hubli cabs	Exact match (close variant)	None	03/22/2026 New Campaign	Ad group 1	0	28	0.00%	INR	0	0.00	Search	0.00%	0.00	0.00
hubli cab services	Exact match (close variant)	None	03/22/2026 New Campaign	Ad group 1	0	2	0.00%	INR	0	0.00	Search	0.00%	0.00	0.00
taxi services in hubli	Exact match (close variant)	None	New Campaign 05/03	Taxi Service	3	22	13.64%	INR	24.89	74.67	Search	0.00%	0.00	0.00
cab booking hubli	Exact match (close variant)	None	New Campaign 05/03	Car Rental With Driver	0	10	0.00%	INR	0	0.00	Search	0.00%	0.00	0.00
taxi service hubli	Exact match (close variant)	None	New Campaign 05/03	Car Rental With Driver	0	27	0.00%	INR	0	0.00	Search	0.00%	0.00	0.00
hubli airport to dharwad taxi charges	Phrase match (close variant)	None	New Campaign 05/03	Taxi Service	0	3	0.00%	INR	0	0.00	Search	0.00%	0.00	0.00
hubli to dandeli cab	Phrase match (close variant)	None	New Campaign 05/03	Taxi Service	0	2	0.00%	INR	0	0.00	Search	0.00%	0.00	0.00
car booking near me	Broad match	None	Campaign #1	Ad group 1	0	2	0.00%	INR	0	0.00	Search	0.00%	0.00	0.00
taxi near me	Broad match	None	Campaign #1	Ad group 1	2	9	22.22%	INR	13.24	26.47	Search	0.00%	0.00	0.00
rental cars hubli	Broad match	None	Campaign #1	Ad group 1	1	14	7.14%	INR	1.65	1.65	Search	0.00%	0.00	0.00
rapido in hubli	Broad match	None	Campaign #1	Ad group 1	0	2	0.00%	INR	0	0.00	Search	0.00%	0.00	0.00
ऑनलाइन टैक्सी बुकिंग	Broad match	None	Campaign #1	Ad group 1	0	1	0.00%	INR	0	0.00	Search	0.00%	0.00	0.00
hubli airport taxi service	Exact match (close variant)	None	LEADS 11/04	Ad group 1	0	6	0.00%	INR	0	0.00	Search	0.00%	0.00	0.00
hubli dharwad cabs best cab service in hubli hubli car rental service best taxi service in hubli	Exact match (close variant)	None	LEADS 11/04	Ad group 1	1	18	5.56%	INR	24.93	24.93	Search	0.00%	0.00	0.00
self car rental in hubli	Exact match (close variant)	None	Campaign #1	Ad group 1	2	5	40.00%	INR	5.30	10.60	Search	0.00%	0.00	0.00
best travels near me	Broad match	None	Campaign #1	Ad group 1	0	1	0.00%	INR	0	0.00	Search	0.00%	0.00	0.00
ola auto booking online	Phrase match (close variant)	None	Campaign #1	Ad group 1	0	1	0.00%	INR	0	0.00	Search	0.00%	0.00	0.00
ola cabs auto booking	Phrase match (close variant)	None	Campaign #1	Ad group 1	0	1	0.00%	INR	0	0.00	Search	0.00%	0.00	0.00
car rentals in dharwad	Broad match	None	Campaign #1	Ad group 1	0	1	0.00%	INR	0	0.00	Search	0.00%	0.00	0.00
hospet cab service	Broad match	None	Campaign #1	Ad group 1	0	1	0.00%	INR	0	0.00	Search	0.00%	0.00	0.00
swadeshi car rental hubli	Broad match	None	Campaign #1	Ad group 1	0	2	0.00%	INR	0	0.00	Search	0.00%	0.00	0.00
car bazar rental	Broad match	None	Campaign #1	Ad group 1	0	1	0.00%	INR	0	0.00	Search	0.00%	0.00	0.00
hubli self driven car	Exact match (close variant)	None	New Campaign 05/03	Car Rental With Driver	1	4	25.00%	INR	48.11	48.11	Search	0.00%	0.00	0.00
car travels in hubli	Exact match (close variant)	None	LEADS 11/04	Ad group 1	8	48	16.67%	INR	22.81	182.49	Search	0.00%	0.00	0.00
rental cars in hubli	Exact match (close variant)	None	LEADS 11/04	Ad group 1	30	173	17.34%	INR	21.00	629.97	Search	0.00%	0.00	0.00
rental cars hubli	Exact match (close variant)	None	LEADS 11/04	Ad group 1	16	74	21.62%	INR	21.03	336.51	Search	0.00%	0.00	0.00
car booking hubli	Exact match (close variant)	None	LEADS 11/04	Ad group 1	4	36	11.11%	INR	23.94	95.74	Search	0.00%	0.00	0.00
hubli dharwad cabs best cab service in hubli best taxi service in hubli	Exact match (close variant)	None	03/22/2026 New Campaign	Ad group 1	0	12	0.00%	INR	0	0.00	Search	0.00%	0.00	0.00
book outstation cabs	Phrase match (close variant)	None	Campaign #1	Ad group 1	0	2	0.00%	INR	0	0.00	Search	0.00%	0.00	0.00
online cab booking	Broad match	None	Campaign #1	Ad group 1	0	1	0.00%	INR	0	0.00	Search	0.00%	0.00	0.00
hubli to bangalore cab	Phrase match (close variant)	None	New Campaign 05/03	Taxi Service	1	3	33.33%	INR	26.51	26.51	Search	0.00%	0.00	0.00
hubli car travels	Exact match (close variant)	None	New Campaign 05/03	Taxi Service	0	2	0.00%	INR	0	0.00	Search	0.00%	0.00	0.00
sunrise cabs hubli 🚘 hubballi	Phrase match (close variant)	None	LEADS 11/04	Ad group 1	0	2	0.00%	INR	0	0.00	Search	0.00%	0.00	0.00
rapido hubli	Phrase match (close variant)	None	LEADS 11/04	Ad group 1	5	46	10.87%	INR	24.40	121.99	Search	0.00%	0.00	0.00
rental cars in hubli without driver price	Phrase match (close variant)	None	LEADS 11/04	Ad group 1	0	1	0.00%	INR	0	0.00	Search	0.00%	0.00	0.00
book rapido cab	Phrase match (close variant)	None	Campaign #1	Ad group 1	0	1	0.00%	INR	0	0.00	Search	0.00%	0.00	0.00
taxi service in hubli	Exact match	Added	Campaign #1	Ad group 1	10	204	4.90%	INR	17.63	176.30	Search	0.00%	0.00	0.00
ओला कैब बुकिंग	Broad match	None	Campaign #1	Ad group 1	0	1	0.00%	INR	0	0.00	Search	0.00%	0.00	0.00
rent car hubli	Exact match (close variant)	None	New Campaign 05/03	Taxi Service	0	3	0.00%	INR	0	0.00	Search	0.00%	0.00	0.00
hubli rental cars	Exact match (close variant)	None	03/22/2026 New Campaign	Ad group 1	7	44	15.91%	INR	14.47	101.27	Search	0.00%	0.00	0.00
rent a car in hubli with driver	Phrase match	None	LEADS 11/04	Ad group 1	0	2	0.00%	INR	0	0.00	Search	0.00%	0.00	0.00
cars for rent in hubli	Exact match (close variant)	None	LEADS 11/04	Ad group 1	2	21	9.52%	INR	22.45	44.89	Search	0.00%	0.00	0.00
taxi service in hubli airport	Phrase match (close variant)	None	Campaign #1	Ad group 1	0	1	0.00%	INR	0	0.00	Search	0.00%	0.00	0.00
famous place in hubli	Broad match	None	Campaign #1	Ad group 1	0	1	0.00%	INR	0	0.00	Search	0.00%	0.00	0.00
hubli car rental with driver	Broad match	None	Campaign #1	Ad group 1	0	3	0.00%	INR	0	0.00	Search	0.00%	0.00	0.00
ola car booking	Phrase match (close variant)	None	Campaign #1	Ad group 1	0	1	0.00%	INR	0	0.00	Search	0.00%	0.00	0.00
car rentals in hubli	Exact match (close variant)	None	Campaign #1	Ad group 1	0	12	0.00%	INR	0	0.00	Search	0.00%	0.00	0.00
rent cars in hubli	Exact match (close variant)	None	New Campaign 05/03	Car Rental With Driver	2	13	15.38%	INR	16.56	33.11	Search	0.00%	0.00	0.00
hubli cab	Exact match (close variant)	None	03/22/2026 New Campaign	Ad group 1	0	12	0.00%	INR	0	0.00	Search	0.00%	0.00	0.00
taxi service hubli	Exact match (close variant)	Added	03/22/2026 New Campaign	Ad group 1	0	11	0.00%	INR	0	0.00	Search	0.00%	0.00	0.00
sagar divine cabs best car rental & taxi service hubballi	Phrase match	None	LEADS 11/04	Ad group 1	0	1	0.00%	INR	0	0.00	Search	0.00%	0.00	0.00
near car rental	Broad match	None	Campaign #1	Ad group 1	0	1	0.00%	INR	0	0.00	Search	0.00%	0.00	0.00
rapido booking online	Phrase match (close variant)	None	Campaign #1	Ad group 1	0	2	0.00%	INR	0	0.00	Search	0.00%	0.00	0.00
self drive car in hubli	Broad match	None	Campaign #1	Ad group 1	0	4	0.00%	INR	0	0.00	Search	0.00%	0.00	0.00
ola booking app	Phrase match (close variant)	None	Campaign #1	Ad group 1	0	2	0.00%	INR	0	0.00	Search	0.00%	0.00	0.00
travel car	Broad match	None	Campaign #1	Ad group 1	0	1	0.00%	INR	0	0.00	Search	0.00%	0.00	0.00
car rent per km price	Broad match	None	Campaign #1	Ad group 1	0	1	0.00%	INR	0	0.00	Search	0.00%	0.00	0.00
bla bla car booking	Broad match	None	Campaign #1	Ad group 1	0	2	0.00%	INR	0	0.00	Search	0.00%	0.00	0.00
tempo traveller booking price	Broad match	None	Campaign #1	Ad group 1	0	1	0.00%	INR	0	0.00	Search	0.00%	0.00	0.00
innova on rent near me	Broad match	None	Campaign #1	Ad group 1	0	1	0.00%	INR	0	0.00	Search	0.00%	0.00	0.00
hubli to bangalore car rental	Phrase match (close variant)	None	03/22/2026 New Campaign	Ad group 1	0	4	0.00%	INR	0	0.00	Search	0.00%	0.00	0.00
hubli taxi booking	Exact match (close variant)	None	LEADS 11/04	Ad group 1	0	1	0.00%	INR	0	0.00	Search	0.00%	0.00	0.00
car rental hubli without driver	Exact match (close variant)	None	LEADS 11/04	Ad group 1	5	21	23.81%	INR	23.33	116.64	Search	0.00%	0.00	0.00
hubli self drive car rental prices	Phrase match (close variant)	None	Campaign #1	Ad group 1	0	1	0.00%	INR	0	0.00	Search	0.00%	0.00	0.00
hubli car rental self drive	Exact match (close variant)	None	Campaign #1	Ad group 1	1	2	50.00%	INR	0.88	0.88	Search	0.00%	0.00	0.00
car booking hubli	Broad match	None	Campaign #1	Ad group 1	0	2	0.00%	INR	0	0.00	Search	0.00%	0.00	0.00
hubli airport taxi service	Phrase match	None	New Campaign 05/03	Taxi Service	1	2	50.00%	INR	39.52	39.52	Search	100.00%	1.00	39.52
hubli car rentals	Exact match (close variant)	None	03/22/2026 New Campaign	Ad group 1	0	7	0.00%	INR	0	0.00	Search	0.00%	0.00	0.00
tempo traveller	Broad match	None	Campaign #1	Ad group 1	0	8	0.00%	INR	0	0.00	Search	0.00%	0.00	0.00
taxi 7 seater	Phrase match (close variant)	None	Campaign #1	Ad group 1	0	2	0.00%	INR	0	0.00	Search	0.00%	0.00	0.00
tours and travels near me	Broad match	None	Campaign #1	Ad group 1	1	3	33.33%	INR	2.10	2.10	Search	0.00%	0.00	0.00
local taxi service near me	Broad match	None	Campaign #1	Ad group 1	0	2	0.00%	INR	0	0.00	Search	0.00%	0.00	0.00
rental cars in hubli	Broad match	None	Campaign #1	Ad group 1	2	14	14.29%	INR	9.65	19.30	Search	0.00%	0.00	0.00
cab price	Broad match	None	Campaign #1	Ad group 1	0	1	0.00%	INR	0	0.00	Search	0.00%	0.00	0.00
cab service in hubli	Exact match (close variant)	Added	New Campaign 05/03	Taxi Service	0	4	0.00%	INR	0	0.00	Search	0.00%	0.00	0.00
hubli airport taxi	Exact match	Added	LEADS 11/04	Ad group 1	0	2	0.00%	INR	0	0.00	Search	0.00%	0.00	0.00
balaji cab hubli	Phrase match (close variant)	None	03/22/2026 New Campaign	Ad group 1	0	2	0.00%	INR	0	0.00	Search	0.00%	0.00	0.00
shashi cabs hubballi	Phrase match (close variant)	None	LEADS 11/04	Ad group 1	0	6	0.00%	INR	0	0.00	Search	0.00%	0.00	0.00
hubli rent a car	Exact match (close variant)	None	LEADS 11/04	Ad group 1	0	1	0.00%	INR	0	0.00	Search	0.00%	0.00	0.00
rent cars in hubli	Broad match	None	Campaign #1	Ad group 1	1	2	50.00%	INR	9.77	9.77	Search	0.00%	0.00	0.00
taxi company	Broad match	None	Campaign #1	Ad group 1	0	1	0.00%	INR	0	0.00	Search	0.00%	0.00	0.00
taxi hubli	Exact match (close variant)	None	Campaign #1	Ad group 1	0	1	0.00%	INR	0	0.00	Search	0.00%	0.00	0.00
car rent hubli	Exact match (close variant)	None	New Campaign 05/03	Car Rental With Driver	5	37	13.51%	INR	23.27	116.35	Search	0.00%	0.00	0.00
rent cars in hubli	Exact match (close variant)	None	New Campaign 05/03	Taxi Service	0	1	0.00%	INR	0	0.00	Search	0.00%	0.00	0.00
hubli airport taxi service	Phrase match	None	03/22/2026 New Campaign	Ad group 1	1	3	33.33%	INR	10.28	10.28	Search	0.00%	0.00	0.00
hubli to bangalore taxi	Phrase match (close variant)	None	03/22/2026 New Campaign	Ad group 1	0	4	0.00%	INR	0	0.00	Search	0.00%	0.00	0.00
taxi service in belgaum	Phrase match (close variant)	None	Campaign #1	Ad group 1	0	1	0.00%	INR	0	0.00	Search	0.00%	0.00	0.00
self car rental near me	Broad match	None	Campaign #1	Ad group 1	0	1	0.00%	INR	0	0.00	Search	0.00%	0.00	0.00
rental cars near me	Broad match	None	Campaign #1	Ad group 1	1	8	12.50%	INR	7.55	7.55	Search	0.00%	0.00	0.00
red taxi coimbatore	Phrase match (close variant)	None	Campaign #1	Ad group 1	0	1	0.00%	INR	0	0.00	Search	0.00%	0.00	0.00
namma yatri available in hubli	Phrase match (close variant)	None	LEADS 11/04	Ad group 1	0	1	0.00%	INR	0	0.00	Search	0.00%	0.00	0.00
hubli car rental outstation	Exact match (close variant)	None	LEADS 11/04	Ad group 1	0	2	0.00%	INR	0	0.00	Search	0.00%	0.00	0.00
car rental hubli	Exact match (close variant)	None	03/22/2026 New Campaign	Ad group 1	27	305	8.85%	INR	14.64	395.27	Search	3.70%	1.00	395.27
cab services in hubli	Exact match (close variant)	None	New Campaign 05/03	Taxi Service	1	6	16.67%	INR	19.65	19.65	Search	0.00%	0.00	0.00
dharwad to goa by car	Broad match	None	Campaign #1	Ad group 1	0	1	0.00%	INR	0	0.00	Search	0.00%	0.00	0.00
transport near me	Broad match	None	Campaign #1	Ad group 1	0	1	0.00%	INR	0	0.00	Search	0.00%	0.00	0.00
rent car	Broad match	None	Campaign #1	Ad group 1	0	1	0.00%	INR	0	0.00	Search	0.00%	0.00	0.00
car rent with driver near me	Broad match	None	Campaign #1	Ad group 1	0	1	0.00%	INR	0	0.00	Search	0.00%	0.00	0.00
cabs from hubli to bangalore	Phrase match (close variant)	None	03/22/2026 New Campaign	Ad group 1	0	3	0.00%	INR	0	0.00	Search	0.00%	0.00	0.00
car hire in hubli	Exact match (close variant)	None	03/22/2026 New Campaign	Ad group 1	0	5	0.00%	INR	0	0.00	Search	0.00%	0.00	0.00
hubli cabs best cab service in hubli best taxi service in hubli dharwad	Exact match (close variant)	None	LEADS 11/04	Ad group 1	0	5	0.00%	INR	0	0.00	Search	0.00%	0.00	0.00
hubli to gokarna cab fare	Phrase match (close variant)	None	03/22/2026 New Campaign	Ad group 1	0	2	0.00%	INR	0	0.00	Search	0.00%	0.00	0.00
car on rent per day	Broad match	None	Campaign #1	Ad group 1	0	1	0.00%	INR	0	0.00	Search	0.00%	0.00	0.00
isha cab hubli	Broad match	None	Campaign #1	Ad group 1	0	1	0.00%	INR	0	0.00	Search	0.00%	0.00	0.00
dharwad taxi service	Broad match	None	Campaign #1	Ad group 1	0	2	0.00%	INR	0	0.00	Search	0.00%	0.00	0.00
mansi cab	Phrase match (close variant)	None	Campaign #1	Ad group 1	0	1	0.00%	INR	0	0.00	Search	0.00%	0.00	0.00
car rent in hubli	Exact match (close variant)	None	New Campaign 05/03	Car Rental With Driver	4	17	23.53%	INR	18.74	74.94	Search	0.00%	0.00	0.00
car for rent in hubli	Exact match (close variant)	None	New Campaign 05/03	Taxi Service	1	1	100.00%	INR	18.73	18.73	Search	0.00%	0.00	0.00
tirupati cabs hubli dharwad	Phrase match (close variant)	None	LEADS 11/04	Ad group 1	0	10	0.00%	INR	0	0.00	Search	0.00%	0.00	0.00
cab service in dharwad	Broad match	None	Campaign #1	Ad group 1	0	2	0.00%	INR	0	0.00	Search	0.00%	0.00	0.00
taxi in dharwad	Broad match	None	Campaign #1	Ad group 1	0	1	0.00%	INR	0	0.00	Search	0.00%	0.00	0.00
top rated taxi service near me	Broad match	None	Campaign #1	Ad group 1	0	1	0.00%	INR	0	0.00	Search	0.00%	0.00	0.00
ola app download	Phrase match (close variant)	None	Campaign #1	Ad group 1	0	1	0.00%	INR	0	0.00	Search	0.00%	0.00	0.00
taxi services near me	Broad match	None	Campaign #1	Ad group 1	0	3	0.00%	INR	0	0.00	Search	0.00%	0.00	0.00
car rent price	Broad match	None	Campaign #1	Ad group 1	0	1	0.00%	INR	0	0.00	Search	0.00%	0.00	0.00
car rentals in hubli	Broad match	None	Campaign #1	Ad group 1	4	32	12.50%	INR	6.67	26.69	Search	0.00%	0.00	0.00
online taxi booking surat	Phrase match	None	Campaign #1	Ad group 1	0	1	0.00%	INR	0	0.00	Search	0.00%	0.00	0.00
car cab	Broad match	None	Campaign #1	Ad group 1	0	1	0.00%	INR	0	0.00	Search	0.00%	0.00	0.00
car rentals in hubli	Exact match (close variant)	None	New Campaign 05/03	Taxi Service	0	4	0.00%	INR	0	0.00	Search	0.00%	0.00	0.00
suman cabs hubli	Phrase match (close variant)	None	New Campaign 05/03	Taxi Service	0	3	0.00%	INR	0	0.00	Search	0.00%	0.00	0.00
hubli to gokarna cab service	Phrase match (close variant)	None	03/22/2026 New Campaign	Ad group 1	0	1	0.00%	INR	0	0.00	Search	0.00%	0.00	0.00
hubli airport taxi	Exact match	Added	03/22/2026 New Campaign	Ad group 1	1	13	7.69%	INR	19.46	19.46	Search	0.00%	0.00	0.00
hubli airport taxi	Phrase match (close variant)	Added	LEADS 11/04	Ad group 1	0	1	0.00%	INR	0	0.00	Search	0.00%	0.00	0.00
car rent hubli	Exact match (close variant)	None	LEADS 11/04	Ad group 1	22	144	15.28%	INR	21.06	463.41	Search	0.00%	0.00	0.00
car service in hubli	Exact match (close variant)	None	LEADS 11/04	Ad group 1	1	8	12.50%	INR	21.89	21.89	Search	0.00%	0.00	0.00
rental cabs near me	Broad match	None	Campaign #1	Ad group 1	0	1	0.00%	INR	0	0.00	Search	0.00%	0.00	0.00
book my taxi	Broad match	None	Campaign #1	Ad group 1	0	1	0.00%	INR	0	0.00	Search	0.00%	0.00	0.00
car on rent	Broad match	None	Campaign #1	Ad group 1	0	1	0.00%	INR	0	0.00	Search	0.00%	0.00	0.00
car rental in hubli	Exact match (close variant)	Added	Campaign #1	Ad group 1	0	5	0.00%	INR	0	0.00	Search	0.00%	0.00	0.00
self drive car rental in hubli	Exact match (close variant)	None	Campaign #1	Ad group 1	1	2	50.00%	INR	1.22	1.22	Search	0.00%	0.00	0.00
visiting places in hubli city	Broad match	None	Campaign #1	Ad group 1	0	1	0.00%	INR	0	0.00	Search	0.00%	0.00	0.00
car book near me	Broad match	None	Campaign #1	Ad group 1	0	1	0.00%	INR	0	0.00	Search	0.00%	0.00	0.00
hubli car rental service	Exact match	Added	New Campaign 05/03	Car Rental With Driver	0	35	0.00%	INR	0	0.00	Search	0.00%	0.00	0.00
taxi in hubli for outstation	Exact match (close variant)	None	New Campaign 05/03	Taxi Service	2	5	40.00%	INR	10.00	19.99	Search	0.00%	0.00	0.00
self drive cars hubli	Broad match	None	Campaign #1	Ad group 1	0	2	0.00%	INR	0	0.00	Search	0.00%	0.00	0.00
book cab online	Exact match (close variant)	None	Campaign #1	Ad group 1	0	1	0.00%	INR	0	0.00	Search	0.00%	0.00	0.00
durgamba travels hubli	Broad match	None	Campaign #1	Ad group 1	0	2	0.00%	INR	0	0.00	Search	0.00%	0.00	0.00
hubli dharwad tourist places	Broad match	None	Campaign #1	Ad group 1	0	1	0.00%	INR	0	0.00	Search	0.00%	0.00	0.00
car rental hubli	Phrase match (close variant)	None	New Campaign 05/03	Car Rental With Driver	1	2	50.00%	INR	3.01	3.01	Search	0.00%	0.00	0.00
bangalore to hubli taxi fare	Phrase match (close variant)	None	New Campaign 05/03	Taxi Service	1	1	100.00%	INR	19.97	19.97	Search	0.00%	0.00	0.00
hubli car	Exact match (close variant)	None	New Campaign 05/03	Car Rental With Driver	1	2	50.00%	INR	29.16	29.16	Search	0.00%	0.00	0.00
tempo traveller rent per km in hubli	Phrase match (close variant)	None	LEADS 11/04	Ad group 1	4	20	20.00%	INR	17.86	71.42	Search	0.00%	0.00	0.00
hubli rent a car	Exact match (close variant)	None	03/22/2026 New Campaign	Ad group 1	0	2	0.00%	INR	0	0.00	Search	0.00%	0.00	0.00
car travels in hubli	Exact match (close variant)	None	03/22/2026 New Campaign	Ad group 1	2	71	2.82%	INR	17.11	34.22	Search	0.00%	0.00	0.00
cars for rent in hubli	Phrase match (close variant)	None	LEADS 11/04	Ad group 1	0	1	0.00%	INR	0	0.00	Search	0.00%	0.00	0.00
car hubli	Exact match (close variant)	None	LEADS 11/04	Ad group 1	0	3	0.00%	INR	0	0.00	Search	0.00%	0.00	0.00
hubli to goa cab	Phrase match (close variant)	None	LEADS 11/04	Ad group 1	0	7	0.00%	INR	0	0.00	Search	0.00%	0.00	0.00
taxi car booking	Exact match (close variant)	None	Campaign #1	Ad group 1	0	1	0.00%	INR	0	0.00	Search	0.00%	0.00	0.00
scorpio car rental price	Broad match	None	Campaign #1	Ad group 1	0	1	0.00%	INR	0	0.00	Search	0.00%	0.00	0.00
cab wala	Phrase match (close variant)	None	Campaign #1	Ad group 1	0	2	0.00%	INR	0	0.00	Search	0.00%	0.00	0.00
hubli second hand car	Broad match	None	Campaign #1	Ad group 1	1	2	50.00%	INR	3.81	3.81	Search	0.00%	0.00	0.00
car hire near me	Broad match	None	Campaign #1	Ad group 1	0	2	0.00%	INR	0	0.00	Search	0.00%	0.00	0.00
toofan car travels	Broad match	None	Campaign #1	Ad group 1	0	2	0.00%	INR	0	0.00	Search	0.00%	0.00	0.00
24 taxi service near me	Broad match	None	Campaign #1	Ad group 1	0	2	0.00%	INR	0	0.00	Search	0.00%	0.00	0.00
hubli cab service	Exact match (close variant)	Added	New Campaign 05/03	Taxi Service	0	1	0.00%	INR	0	0.00	Search	0.00%	0.00	0.00
hubli to dandeli taxi	Phrase match (close variant)	None	New Campaign 05/03	Taxi Service	2	2	100.00%	INR	12.69	25.38	Search	0.00%	0.00	0.00
hubli dharwad taxi service	Phrase match	None	03/22/2026 New Campaign	Ad group 1	0	3	0.00%	INR	0	0.00	Search	0.00%	0.00	0.00
hubli to goa cab service	Exact match (close variant)	None	03/22/2026 New Campaign	Ad group 1	0	1	0.00%	INR	0	0.00	Search	0.00%	0.00	0.00
car driver for hire	Broad match	None	Campaign #1	Ad group 1	0	2	0.00%	INR	0	0.00	Search	0.00%	0.00	0.00
hubli rapido	Broad match	None	Campaign #1	Ad group 1	0	1	0.00%	INR	0	0.00	Search	0.00%	0.00	0.00
car rent booking	Broad match	None	Campaign #1	Ad group 1	0	1	0.00%	INR	0	0.00	Search	0.00%	0.00	0.00
car rental in dharwad	Broad match	None	Campaign #1	Ad group 1	0	3	0.00%	INR	0	0.00	Search	0.00%	0.00	0.00
hubli taxi service	Broad match	None	Campaign #1	Ad group 1	1	41	2.44%	INR	2.70	2.70	Search	0.00%	0.00	0.00
near taxi service	Phrase match (close variant)	None	Campaign #1	Ad group 1	0	1	0.00%	INR	0	0.00	Search	0.00%	0.00	0.00
travel agency hubli	Broad match	None	Campaign #1	Ad group 1	0	8	0.00%	INR	0	0.00	Search	0.00%	0.00	0.00
akash cabs hubli best car rental company in hubli	Broad match	None	Campaign #1	Ad group 1	0	2	0.00%	INR	0	0.00	Search	0.00%	0.00	0.00
hubli car rent	Broad match	None	Campaign #1	Ad group 1	0	1	0.00%	INR	0	0.00	Search	0.00%	0.00	0.00
hubli to goa cab service	Phrase match (close variant)	None	New Campaign 05/03	Taxi Service	0	1	0.00%	INR	0	0.00	Search	0.00%	0.00	0.00
best cab service in hubli	Exact match (close variant)	None	New Campaign 05/03	Car Rental With Driver	0	5	0.00%	INR	0	0.00	Search	0.00%	0.00	0.00
hubli taxi service	Exact match	Added	LEADS 11/04	Ad group 1	11	216	5.09%	INR	19.84	218.21	Search	0.00%	0.00	0.00
car rental in hubli	Exact match (close variant)	None	03/22/2026 New Campaign	Ad group 1	64	800	8.00%	INR	14.89	953.17	Search	4.15%	2.65	359.12
2 days car rental	Broad match	None	Campaign #1	Ad group 1	0	1	0.00%	INR	0	0.00	Search	0.00%	0.00	0.00
nearest cab service near me	Broad match	None	Campaign #1	Ad group 1	0	1	0.00%	INR	0	0.00	Search	0.00%	0.00	0.00
car for rent in dharwad	Broad match	None	Campaign #1	Ad group 1	0	4	0.00%	INR	0	0.00	Search	0.00%	0.00	0.00
rental cars dharwad	Broad match	None	Campaign #1	Ad group 1	0	4	0.00%	INR	0	0.00	Search	0.00%	0.00	0.00
rental cars	Broad match	None	Campaign #1	Ad group 1	1	1	100.00%	INR	0.59	0.59	Search	0.00%	0.00	0.00
hassan cab service	Phrase match (close variant)	None	Campaign #1	Ad group 1	2	5	40.00%	INR	8.27	16.54	Search	0.00%	0.00	0.00
taxi stand near me now	Broad match	None	Campaign #1	Ad group 1	0	1	0.00%	INR	0	0.00	Search	0.00%	0.00	0.00
call taxi	Exact match (close variant)	None	Campaign #1	Ad group 1	0	1	0.00%	INR	0	0.00	Search	0.00%	0.00	0.00
eeco booking car rental	Broad match	None	Campaign #1	Ad group 1	0	1	0.00%	INR	0	0.00	Search	0.00%	0.00	0.00
car rental	Broad match	None	Campaign #1	Ad group 1	0	14	0.00%	INR	0	0.00	Search	0.00%	0.00	0.00
rental cars in hubli without driver	Phrase match	None	New Campaign 05/03	Car Rental With Driver	1	9	11.11%	INR	19.28	19.28	Search	0.00%	0.00	0.00
rental cars in hubli	Exact match (close variant)	None	New Campaign 05/03	Car Rental With Driver	7	44	15.91%	INR	18.92	132.46	Search	14.29%	1.00	132.46
namma yatri hubli	Phrase match (close variant)	None	03/22/2026 New Campaign	Ad group 1	0	6	0.00%	INR	0	0.00	Search	0.00%	0.00	0.00
book cab in hubli	Exact match (close variant)	None	LEADS 11/04	Ad group 1	1	4	25.00%	INR	24.89	24.89	Search	0.00%	0.00	0.00
taxi in hubli	Exact match (close variant)	None	LEADS 11/04	Ad group 1	4	111	3.60%	INR	23.80	95.19	Search	0.00%	0.00	0.00
ola near me	Broad match	None	Campaign #1	Ad group 1	0	2	0.00%	INR	0	0.00	Search	0.00%	0.00	0.00
innova car rent per day	Broad match	None	Campaign #1	Ad group 1	0	1	0.00%	INR	0	0.00	Search	0.00%	0.00	0.00
car rent in dharwad	Broad match	None	Campaign #1	Ad group 1	0	9	0.00%	INR	0	0.00	Search	0.00%	0.00	0.00
best cab service in bangalore	Phrase match (close variant)	None	Campaign #1	Ad group 1	0	2	0.00%	INR	0	0.00	Search	0.00%	0.00	0.00
car on rent in hubli	Exact match (close variant)	None	Campaign #1	Ad group 1	0	4	0.00%	INR	0	0.00	Search	0.00%	0.00	0.00
balabala taxi	Broad match	None	Campaign #1	Ad group 1	0	2	0.00%	INR	0	0.00	Search	0.00%	0.00	0.00
hubli to dandeli cab price	Phrase match (close variant)	None	New Campaign 05/03	Car Rental With Driver	2	4	50.00%	INR	16.91	33.82	Search	0.00%	0.00	0.00
hubli to goa cab service	Phrase match	None	03/22/2026 New Campaign	Ad group 1	0	2	0.00%	INR	0	0.00	Search	0.00%	0.00	0.00
taxi service in hubli airport	Phrase match (close variant)	None	03/22/2026 New Campaign	Ad group 1	0	16	0.00%	INR	0	0.00	Search	0.00%	0.00	0.00
hubli taxi service rates	Phrase match	None	LEADS 11/04	Ad group 1	1	3	33.33%	INR	24.85	24.85	Search	0.00%	0.00	0.00
taxi service dharwad	Broad match	None	Campaign #1	Ad group 1	0	4	0.00%	INR	0	0.00	Search	0.00%	0.00	0.00
best taxi near me	Broad match	None	Campaign #1	Ad group 1	0	1	0.00%	INR	0	0.00	Search	0.00%	0.00	0.00
hubli car rental outstation	Broad match	None	Campaign #1	Ad group 1	0	1	0.00%	INR	0	0.00	Search	0.00%	0.00	0.00
hubballi place to visit	Broad match	None	Campaign #1	Ad group 1	0	1	0.00%	INR	0	0.00	Search	0.00%	0.00	0.00
cab booking in hubli	Exact match (close variant)	None	LEADS 11/04	Ad group 1	2	18	11.11%	INR	24.28	48.56	Search	0.00%	0.00	0.00
hubli car rentals	Exact match	Added	LEADS 11/04	Ad group 1	2	7	28.57%	INR	24.12	48.23	Search	0.00%	0.00	0.00
hubli taxi service rates	Exact match (close variant)	None	LEADS 11/04	Ad group 1	0	3	0.00%	INR	0	0.00	Search	0.00%	0.00	0.00
hubli cabs services best hubli taxi service outstation taxi & cab service in hubli airport	Exact match (close variant)	None	LEADS 11/04	Ad group 1	0	1	0.00%	INR	0	0.00	Search	0.00%	0.00	0.00
rent a car hubli	Broad match	None	Campaign #1	Ad group 1	0	1	0.00%	INR	0	0.00	Search	0.00%	0.00	0.00
hubli tour and travels	Broad match	None	Campaign #1	Ad group 1	1	1	100.00%	INR	6.96	6.96	Search	0.00%	0.00	0.00
hubli rent car	Exact match (close variant)	None	New Campaign 05/03	Car Rental With Driver	3	12	25.00%	INR	19.07	57.22	Search	0.00%	0.00	0.00
cabs hubli	Exact match (close variant)	None	New Campaign 05/03	Car Rental With Driver	0	14	0.00%	INR	0	0.00	Search	0.00%	0.00	0.00
ganesh travels hubli cars	Phrase match (close variant)	None	New Campaign 05/03	Car Rental With Driver	0	2	0.00%	INR	0	0.00	Search	0.00%	0.00	0.00
car rental in hubli with driver	Exact match (close variant)	None	03/22/2026 New Campaign	Ad group 1	7	82	8.54%	INR	15.97	111.82	Search	0.00%	0.00	0.00
hubli to hampi taxi fare	Phrase match (close variant)	None	03/22/2026 New Campaign	Ad group 1	0	1	0.00%	INR	0	0.00	Search	0.00%	0.00	0.00
hubli airport taxi	Exact match (close variant)	Added	LEADS 11/04	Ad group 1	0	1	0.00%	INR	0	0.00	Search	0.00%	0.00	0.00
cab service in hubli	Exact match	Added	Campaign #1	Ad group 1	3	123	2.44%	INR	46.89	140.66	Search	0.00%	0.00	0.00
cab booking in hubli	Broad match	None	Campaign #1	Ad group 1	1	8	12.50%	INR	37.55	37.55	Search	0.00%	0.00	0.00
sedan car rental price	Broad match	None	Campaign #1	Ad group 1	0	1	0.00%	INR	0	0.00	Search	0.00%	0.00	0.00
hubli to goa cab service	Broad match	None	Campaign #1	Ad group 1	0	1	0.00%	INR	0	0.00	Search	0.00%	0.00	0.00
hubli taxi services	Broad match	None	Campaign #1	Ad group 1	0	1	0.00%	INR	0	0.00	Search	0.00%	0.00	0.00
car travel booking	Broad match	None	Campaign #1	Ad group 1	0	1	0.00%	INR	0	0.00	Search	0.00%	0.00	0.00
best car rental in hubli	Exact match (close variant)	None	New Campaign 05/03	Taxi Service	0	3	0.00%	INR	0	0.00	Search	0.00%	0.00	0.00
hubli to gokarna taxi fare	Phrase match (close variant)	None	New Campaign 05/03	Taxi Service	0	1	0.00%	INR	0	0.00	Search	0.00%	0.00	0.00
taxi rates in hubli	Phrase match (close variant)	None	New Campaign 05/03	Car Rental With Driver	0	2	0.00%	INR	0	0.00	Search	0.00%	0.00	0.00
hubli taxi service	Exact match (close variant)	Added	03/22/2026 New Campaign	Ad group 1	0	27	0.00%	INR	0	0.00	Search	0.00%	0.00	0.00
hubli travels car	Exact match (close variant)	None	03/22/2026 New Campaign	Ad group 1	0	17	0.00%	INR	0	0.00	Search	0.00%	0.00	0.00
taxi from bangalore to hubli	Phrase match (close variant)	None	LEADS 11/04	Ad group 1	1	2	50.00%	INR	24.83	24.83	Search	0.00%	0.00	0.00
online car booking	Broad match	None	Campaign #1	Ad group 1	2	3	66.67%	INR	13.44	26.88	Search	0.00%	0.00	0.00
rent a car in hubli	Exact match (close variant)	None	Campaign #1	Ad group 1	0	1	0.00%	INR	0	0.00	Search	0.00%	0.00	0.00
cab booking near me	Exact match (close variant)	None	Campaign #1	Ad group 1	0	1	0.00%	INR	0	0.00	Search	0.00%	0.00	0.00
auto cab	Phrase match (close variant)	None	Campaign #1	Ad group 1	0	1	0.00%	INR	0	0.00	Search	0.00%	0.00	0.00
rapido in hubli dharwad	Phrase match (close variant)	None	03/22/2026 New Campaign	Ad group 1	0	3	0.00%	INR	0	0.00	Search	0.00%	0.00	0.00
rent a car in hubli with driver	Exact match (close variant)	None	LEADS 11/04	Ad group 1	1	7	14.29%	INR	23.53	23.53	Search	0.00%	0.00	0.00
best cab service in hubli	Exact match (close variant)	None	LEADS 11/04	Ad group 1	1	26	3.85%	INR	13.21	13.21	Search	0.00%	0.00	0.00
raahiz travels hubli car rental with driver	Phrase match	None	LEADS 11/04	Ad group 1	0	5	0.00%	INR	0	0.00	Search	0.00%	0.00	0.00
ola uber in hubli	Phrase match (close variant)	None	LEADS 11/04	Ad group 1	0	1	0.00%	INR	0	0.00	Search	0.00%	0.00	0.00
rental car hubli	Exact match (close variant)	None	LEADS 11/04	Ad group 1	6	24	25.00%	INR	20.48	122.86	Search	0.00%	0.00	0.00
vrl travels hubli	Broad match	None	Campaign #1	Ad group 1	1	1	100.00%	INR	0.34	0.34	Search	0.00%	0.00	0.00
car rent office near me	Broad match	None	Campaign #1	Ad group 1	1	1	100.00%	INR	0.81	0.81	Search	0.00%	0.00	0.00
travels near me	Broad match	None	Campaign #1	Ad group 1	1	15	6.67%	INR	0.82	0.82	Search	0.00%	0.00	0.00
babla babla car booking	Broad match	None	Campaign #1	Ad group 1	0	1	0.00%	INR	0	0.00	Search	0.00%	0.00	0.00
hubli travels car	Broad match	None	Campaign #1	Ad group 1	0	4	0.00%	INR	0	0.00	Search	0.00%	0.00	0.00
manikanta cabs hubli	Phrase match (close variant)	None	03/22/2026 New Campaign	Ad group 1	0	4	0.00%	INR	0	0.00	Search	0.00%	0.00	0.00
hubli cab service hubballi reviews	Phrase match (close variant)	None	03/22/2026 New Campaign	Ad group 1	0	1	0.00%	INR	0	0.00	Search	0.00%	0.00	0.00
arya go cab booking	Broad match	None	Campaign #1	Ad group 1	0	1	0.00%	INR	0	0.00	Search	0.00%	0.00	0.00
taxi safar com	Broad match	None	Campaign #1	Ad group 1	0	3	0.00%	INR	0	0.00	Search	0.00%	0.00	0.00
pp travels dharwad	Broad match	None	Campaign #1	Ad group 1	0	1	0.00%	INR	0	0.00	Search	0.00%	0.00	0.00
best car rental in hubli	Broad match	None	Campaign #1	Ad group 1	1	10	10.00%	INR	2.56	2.56	Search	0.00%	0.00	0.00
sarkar cab service	Broad match	None	Campaign #1	Ad group 1	0	1	0.00%	INR	0	0.00	Search	0.00%	0.00	0.00
swift for rent	Broad match	None	Campaign #1	Ad group 1	0	1	0.00%	INR	0	0.00	Search	0.00%	0.00	0.00
car rental hubli	Exact match (close variant)	None	Campaign #1	Ad group 1	0	6	0.00%	INR	0	0.00	Search	0.00%	0.00	0.00
car drivers in hubli	Phrase match (close variant)	None	New Campaign 05/03	Car Rental With Driver	0	4	0.00%	INR	0	0.00	Search	0.00%	0.00	0.00
car for rent hubli	Exact match (close variant)	None	New Campaign 05/03	Taxi Service	1	2	50.00%	INR	5.25	5.25	Search	0.00%	0.00	0.00
taxi service in hubli	Exact match	Added	New Campaign 05/03	Taxi Service	14	191	7.33%	INR	30.58	428.14	Search	7.14%	1.00	428.14
cabs in hubli dharwad	Exact match (close variant)	None	LEADS 11/04	Ad group 1	0	1	0.00%	INR	0	0.00	Search	0.00%	0.00	0.00
how to book cab	Exact match (close variant)	None	Campaign #1	Ad group 1	1	1	100.00%	INR	9.55	9.55	Search	0.00%	0.00	0.00
ola taxi booking	Phrase match	None	Campaign #1	Ad group 1	0	1	0.00%	INR	0	0.00	Search	0.00%	0.00	0.00
travel in hubli	Broad match	None	Campaign #1	Ad group 1	0	2	0.00%	INR	0	0.00	Search	0.00%	0.00	0.00
best cab service in hubli	Phrase match (close variant)	None	Campaign #1	Ad group 1	0	1	0.00%	INR	0	0.00	Search	0.00%	0.00	0.00
tempo traveller hubli	Phrase match (close variant)	None	New Campaign 05/03	Car Rental With Driver	0	5	0.00%	INR	0	0.00	Search	0.00%	0.00	0.00
taxi services in hubli	Phrase match (close variant)	None	New Campaign 05/03	Car Rental With Driver	0	1	0.00%	INR	0	0.00	Search	0.00%	0.00	0.00
hubli rental cars	Exact match (close variant)	None	New Campaign 05/03	Car Rental With Driver	1	6	16.67%	INR	59.62	59.62	Search	0.00%	0.00	0.00
hubli to bangalore cab price	Phrase match (close variant)	None	03/22/2026 New Campaign	Ad group 1	1	3	33.33%	INR	19.60	19.60	Search	100.00%	1.00	19.60
car tours and travels near me	Broad match	None	Campaign #1	Ad group 1	0	3	0.00%	INR	0	0.00	Search	0.00%	0.00	0.00
bala car booking	Broad match	None	Campaign #1	Ad group 1	0	1	0.00%	INR	0	0.00	Search	0.00%	0.00	0.00
go go taxi service	Broad match	None	Campaign #1	Ad group 1	0	1	0.00%	INR	0	0.00	Search	0.00%	0.00	0.00
car rental in hubli	Exact match (close variant)	Added	New Campaign 05/03	Car Rental With Driver	0	1	0.00%	INR	0	0.00	Search	0.00%	0.00	0.00
car hire in hubli	Exact match (close variant)	None	New Campaign 05/03	Taxi Service	0	1	0.00%	INR	0	0.00	Search	0.00%	0.00	0.00
hubli to bangalore shared cab	Phrase match (close variant)	None	New Campaign 05/03	Taxi Service	0	3	0.00%	INR	0	0.00	Search	0.00%	0.00	0.00
bhagya travels hubli	Phrase match (close variant)	None	New Campaign 05/03	Car Rental With Driver	1	6	16.67%	INR	19.33	19.33	Search	0.00%	0.00	0.00
hubli to goa taxi price	Phrase match (close variant)	None	03/22/2026 New Campaign	Ad group 1	1	4	25.00%	INR	19.90	19.90	Search	0.00%	0.00	0.00
hubli to dandeli car rental	Phrase match (close variant)	None	03/22/2026 New Campaign	Ad group 1	0	5	0.00%	INR	0	0.00	Search	0.00%	0.00	0.00
hubli rental cars	Exact match (close variant)	None	LEADS 11/04	Ad group 1	9	40	22.50%	INR	21.87	196.87	Search	0.00%	0.00	0.00
rent car hubli	Phrase match (close variant)	None	LEADS 11/04	Ad group 1	0	1	0.00%	INR	0	0.00	Search	0.00%	0.00	0.00
car hire in hubli	Exact match (close variant)	None	LEADS 11/04	Ad group 1	0	4	0.00%	INR	0	0.00	Search	0.00%	0.00	0.00
nakoda travels hubli	Broad match	None	Campaign #1	Ad group 1	1	5	20.00%	INR	0.56	0.56	Search	0.00%	0.00	0.00
hubli dharwad cabs best cab service in hubli hubli car rental service best taxi service in hubli	Broad match	None	Campaign #1	Ad group 1	0	7	0.00%	INR	0	0.00	Search	0.00%	0.00	0.00
rapido book ride	Phrase match (close variant)	None	Campaign #1	Ad group 1	0	1	0.00%	INR	0	0.00	Search	0.00%	0.00	0.00
taxi services near me	Phrase match (close variant)	None	Campaign #1	Ad group 1	0	1	0.00%	INR	0	0.00	Search	0.00%	0.00	0.00
bala bla cab	Broad match	None	Campaign #1	Ad group 1	0	1	0.00%	INR	0	0.00	Search	0.00%	0.00	0.00
rental car in hubli	Exact match (close variant)	None	03/22/2026 New Campaign	Ad group 1	8	48	16.67%	INR	16.84	134.75	Search	12.50%	1.00	134.75
hubli taxi services	Exact match (close variant)	None	03/22/2026 New Campaign	Ad group 1	0	4	0.00%	INR	0	0.00	Search	0.00%	0.00	0.00
hubli taxi service rates	Phrase match (close variant)	None	03/22/2026 New Campaign	Ad group 1	0	3	0.00%	INR	0	0.00	Search	0.00%	0.00	0.00
rapido in hubli dharwad	Phrase match (close variant)	None	LEADS 11/04	Ad group 1	0	3	0.00%	INR	0	0.00	Search	0.00%	0.00	0.00
hubli travel agency	Broad match	None	Campaign #1	Ad group 1	0	6	0.00%	INR	0	0.00	Search	0.00%	0.00	0.00
travel car booking near me	Broad match	None	Campaign #1	Ad group 1	0	1	0.00%	INR	0	0.00	Search	0.00%	0.00	0.00
hubli tourist places	Broad match	None	Campaign #1	Ad group 1	0	2	0.00%	INR	0	0.00	Search	0.00%	0.00	0.00
hubli car rentals	Broad match	None	Campaign #1	Ad group 1	0	2	0.00%	INR	0	0.00	Search	0.00%	0.00	0.00
ola booking	Phrase match (close variant)	None	Campaign #1	Ad group 1	0	24	0.00%	INR	0	0.00	Search	0.00%	0.00	0.00
car on rent near me with driver	Broad match	None	Campaign #1	Ad group 1	0	1	0.00%	INR	0	0.00	Search	0.00%	0.00	0.00
hubli near best places	Broad match	None	Campaign #1	Ad group 1	0	1	0.00%	INR	0	0.00	Search	0.00%	0.00	0.00
car cab booking	Exact match (close variant)	None	Campaign #1	Ad group 1	0	1	0.00%	INR	0	0.00	Search	0.00%	0.00	0.00
taxi service in hubli	Broad match	Added	Campaign #1	Ad group 1	0	1	0.00%	INR	0	0.00	Search	0.00%	0.00	0.00
rental car in hubli	Phrase match (close variant)	None	New Campaign 05/03	Car Rental With Driver	0	1	0.00%	INR	0	0.00	Search	0.00%	0.00	0.00
hubli to bangalore cab price	Phrase match (close variant)	None	New Campaign 05/03	Taxi Service	0	3	0.00%	INR	0	0.00	Search	0.00%	0.00	0.00
car travels in hubli	Exact match (close variant)	None	New Campaign 05/03	Car Rental With Driver	0	17	0.00%	INR	0	0.00	Search	0.00%	0.00	0.00
hubli taxi services	Exact match (close variant)	None	New Campaign 05/03	Car Rental With Driver	0	1	0.00%	INR	0	0.00	Search	0.00%	0.00	0.00
cab booking in hubli	Exact match (close variant)	None	03/22/2026 New Campaign	Ad group 1	1	35	2.86%	INR	19.89	19.89	Search	0.00%	0.00	0.00
cabs hubli	Exact match (close variant)	None	03/22/2026 New Campaign	Ad group 1	3	22	13.64%	INR	19.41	58.23	Search	0.00%	0.00	0.00
car rental in hubli without driver	Phrase match	None	LEADS 11/04	Ad group 1	0	2	0.00%	INR	0	0.00	Search	0.00%	0.00	0.00
best car service in hubli	Exact match (close variant)	None	LEADS 11/04	Ad group 1	0	6	0.00%	INR	0	0.00	Search	0.00%	0.00	0.00
car rental hubli	Exact match (close variant)	Added	LEADS 11/04	Ad group 1	2	12	16.67%	INR	24.31	48.62	Search	0.00%	0.00	0.00
book cab in hubli	Exact match (close variant)	None	Campaign #1	Ad group 1	0	2	0.00%	INR	0	0.00	Search	0.00%	0.00	0.00
red taxi	Broad match	None	Campaign #1	Ad group 1	3	16	18.75%	INR	10.97	32.91	Search	0.00%	0.00	0.00
manish travels hubli	Broad match	None	Campaign #1	Ad group 1	0	3	0.00%	INR	0	0.00	Search	0.00%	0.00	0.00
nearby travels	Broad match	None	Campaign #1	Ad group 1	1	11	9.09%	INR	0.34	0.34	Search	0.00%	0.00	0.00
hubli cabs best cab service in hubli best taxi service in hubli dharwad	Phrase match (close variant)	None	Campaign #1	Ad group 1	0	16	0.00%	INR	0	0.00	Search	0.00%	0.00	0.00
taxi booking	Exact match	Added	Campaign #1	Ad group 1	0	1	0.00%	INR	0	0.00	Search	0.00%	0.00	0.00
travel agency in dharwad	Broad match	None	Campaign #1	Ad group 1	0	4	0.00%	INR	0	0.00	Search	0.00%	0.00	0.00
taxi drivers near me	Phrase match (close variant)	None	Campaign #1	Ad group 1	0	1	0.00%	INR	0	0.00	Search	0.00%	0.00	0.00
hubli to goa cab	Exact match (close variant)	None	03/22/2026 New Campaign	Ad group 1	0	2	0.00%	INR	0	0.00	Search	0.00%	0.00	0.00
taxi rates in hubli	Phrase match (close variant)	None	03/22/2026 New Campaign	Ad group 1	0	6	0.00%	INR	0	0.00	Search	0.00%	0.00	0.00
rental cars in hubli without driver price	Phrase match (close variant)	None	New Campaign 05/03	Car Rental With Driver	0	1	0.00%	INR	0	0.00	Search	0.00%	0.00	0.00
hubli taxi booking	Exact match (close variant)	None	New Campaign 05/03	Car Rental With Driver	0	2	0.00%	INR	0	0.00	Search	0.00%	0.00	0.00
best car rental in hubli	Exact match (close variant)	None	LEADS 11/04	Ad group 1	7	97	7.22%	INR	19.56	136.91	Search	0.00%	0.00	0.00
self driven cars in hubli	Phrase match (close variant)	None	Campaign #1	Ad group 1	0	1	0.00%	INR	0	0.00	Search	0.00%	0.00	0.00
cab service in dharwad	Phrase match (close variant)	None	Campaign #1	Ad group 1	0	1	0.00%	INR	0	0.00	Search	0.00%	0.00	0.00
hubli cabs	Broad match	None	Campaign #1	Ad group 1	0	12	0.00%	INR	0	0.00	Search	0.00%	0.00	0.00
swift dzire rental price per day	Broad match	None	Campaign #1	Ad group 1	0	1	0.00%	INR	0	0.00	Search	0.00%	0.00	0.00
rental cars in hubli	Exact match (close variant)	None	Campaign #1	Ad group 1	1	18	5.56%	INR	0.33	0.33	Search	0.00%	0.00	0.00
hubli to goa taxi fare	Phrase match (close variant)	None	LEADS 11/04	Ad group 1	0	1	0.00%	INR	0	0.00	Search	0.00%	0.00	0.00
ola car	Phrase match (close variant)	None	Campaign #1	Ad group 1	0	5	0.00%	INR	0	0.00	Search	0.00%	0.00	0.00
cab booking hubli	Broad match	None	Campaign #1	Ad group 1	1	10	10.00%	INR	11.92	11.92	Search	0.00%	0.00	0.00
innova travel rate per km	Broad match	None	Campaign #1	Ad group 1	0	1	0.00%	INR	0	0.00	Search	0.00%	0.00	0.00
car taxi booking	Exact match (close variant)	None	Campaign #1	Ad group 1	0	1	0.00%	INR	0	0.00	Search	0.00%	0.00	0.00
travel in dharwad	Broad match	None	Campaign #1	Ad group 1	0	4	0.00%	INR	0	0.00	Search	0.00%	0.00	0.00
suman cabs hubli	Phrase match (close variant)	None	New Campaign 05/03	Car Rental With Driver	0	1	0.00%	INR	0	0.00	Search	0.00%	0.00	0.00
hubli car rental outstation	Phrase match (close variant)	None	03/22/2026 New Campaign	Ad group 1	0	2	0.00%	INR	0	0.00	Search	0.00%	0.00	0.00
tempo traveller in hubli	Phrase match (close variant)	None	LEADS 11/04	Ad group 1	2	28	7.14%	INR	23.28	46.56	Search	0.00%	0.00	0.00
cabs hubli	Broad match	None	Campaign #1	Ad group 1	0	47	0.00%	INR	0	0.00	Search	0.00%	0.00	0.00
rental car in hubli	Exact match (close variant)	None	Campaign #1	Ad group 1	0	1	0.00%	INR	0	0.00	Search	0.00%	0.00	0.00
gadi booking	Broad match	None	Campaign #1	Ad group 1	0	4	0.00%	INR	0	0.00	Search	0.00%	0.00	0.00
hubli dharwad taxi service	Exact match (close variant)	None	New Campaign 05/03	Taxi Service	0	4	0.00%	INR	0	0.00	Search	0.00%	0.00	0.00
hubli taxi	Exact match (close variant)	None	03/22/2026 New Campaign	Ad group 1	0	9	0.00%	INR	0	0.00	Search	0.00%	0.00	0.00
bangalore to hubli cab	Phrase match (close variant)	None	03/22/2026 New Campaign	Ad group 1	0	1	0.00%	INR	0	0.00	Search	0.00%	0.00	0.00
hubli to hampi taxi fare	Phrase match (close variant)	None	LEADS 11/04	Ad group 1	0	2	0.00%	INR	0	0.00	Search	0.00%	0.00	0.00
hubli tour's and travels	Broad match	None	Campaign #1	Ad group 1	0	1	0.00%	INR	0	0.00	Search	0.00%	0.00	0.00
online cab	Broad match	None	Campaign #1	Ad group 1	0	1	0.00%	INR	0	0.00	Search	0.00%	0.00	0.00
taxi service in hubli	Phrase match (close variant)	Added	Campaign #1	Ad group 1	0	2	0.00%	INR	0	0.00	Search	0.00%	0.00	0.00
force urbania per km price	Broad match	None	Campaign #1	Ad group 1	0	1	0.00%	INR	0	0.00	Search	0.00%	0.00	0.00
ola cab service	Broad match	None	Campaign #1	Ad group 1	0	1	0.00%	INR	0	0.00	Search	0.00%	0.00	0.00
car rent in hubli	Broad match	None	Campaign #1	Ad group 1	1	7	14.29%	INR	0.34	0.34	Search	0.00%	0.00	0.00
rapido	Broad match	None	Campaign #1	Ad group 1	0	1	0.00%	INR	0	0.00	Search	0.00%	0.00	0.00
tour and travels hubli	Broad match	None	Campaign #1	Ad group 1	0	1	0.00%	INR	0	0.00	Search	0.00%	0.00	0.00
namma yatri in hubli	Phrase match (close variant)	None	New Campaign 05/03	Car Rental With Driver	2	35	5.71%	INR	19.86	39.71	Search	0.00%	0.00	0.00
tirupati cabs hubballi dharwad	Phrase match (close variant)	None	New Campaign 05/03	Car Rental With Driver	0	4	0.00%	INR	0	0.00	Search	0.00%	0.00	0.00
hubli to goa cab service	Phrase match (close variant)	None	New Campaign 05/03	Car Rental With Driver	0	1	0.00%	INR	0	0.00	Search	0.00%	0.00	0.00
zoom car in hubli	Phrase match (close variant)	None	New Campaign 05/03	Car Rental With Driver	1	6	16.67%	INR	20.00	20.00	Search	0.00%	0.00	0.00
hubli rapido	Phrase match (close variant)	None	03/22/2026 New Campaign	Ad group 1	0	9	0.00%	INR	0	0.00	Search	0.00%	0.00	0.00
car rental in hubli	Exact match (close variant)	Added	LEADS 11/04	Ad group 1	0	61	0.00%	INR	0	0.00	Search	0.00%	0.00	0.00
ola app	Phrase match (close variant)	None	Campaign #1	Ad group 1	0	2	0.00%	INR	0	0.00	Search	0.00%	0.00	0.00
drivers for hire near me	Broad match	None	Campaign #1	Ad group 1	0	1	0.00%	INR	0	0.00	Search	0.00%	0.00	0.00
online taxi	Broad match	None	Campaign #1	Ad group 1	0	1	0.00%	INR	0	0.00	Search	0.00%	0.00	0.00
rent a car hubli	Exact match (close variant)	None	Campaign #1	Ad group 1	0	2	0.00%	INR	0	0.00	Search	0.00%	0.00	0.00
tt travels in hubli	Broad match	None	Campaign #1	Ad group 1	0	4	0.00%	INR	0	0.00	Search	0.00%	0.00	0.00
auto booking app in hubli	Phrase match (close variant)	None	New Campaign 05/03	Taxi Service	0	2	0.00%	INR	0	0.00	Search	0.00%	0.00	0.00
bangalore to hubli taxi fare	Phrase match (close variant)	None	LEADS 11/04	Ad group 1	0	1	0.00%	INR	0	0.00	Search	0.00%	0.00	0.00
cruiser rent in hubli	Phrase match (close variant)	None	LEADS 11/04	Ad group 1	0	13	0.00%	INR	0	0.00	Search	0.00%	0.00	0.00
hubli to goa cab service	Phrase match	None	LEADS 11/04	Ad group 1	0	1	0.00%	INR	0	0.00	Search	0.00%	0.00	0.00
tempo traveller in hubli	Phrase match (close variant)	None	Campaign #1	Ad group 1	0	2	0.00%	INR	0	0.00	Search	0.00%	0.00	0.00
cabs booking	Broad match	None	Campaign #1	Ad group 1	0	1	0.00%	INR	0	0.00	Search	0.00%	0.00	0.00
bharat taxi price list	Phrase match (close variant)	None	Campaign #1	Ad group 1	0	2	0.00%	INR	0	0.00	Search	0.00%	0.00	0.00
savaari	Broad match	None	Campaign #1	Ad group 1	0	2	0.00%	INR	0	0.00	Search	0.00%	0.00	0.00
taxi fare in	Broad match	None	Campaign #1	Ad group 1	0	1	0.00%	INR	0	0.00	Search	0.00%	0.00	0.00
hubli tours and travels	Broad match	None	Campaign #1	Ad group 1	0	2	0.00%	INR	0	0.00	Search	0.00%	0.00	0.00
rent a car nizamabad	Broad match	None	Campaign #1	Ad group 1	0	1	0.00%	INR	0	0.00	Search	0.00%	0.00	0.00
traveller rent	Broad match	None	Campaign #1	Ad group 1	1	1	100.00%	INR	28.47	28.47	Search	0.00%	0.00	0.00
amma cabs hubli	Phrase match (close variant)	None	03/22/2026 New Campaign	Ad group 1	0	1	0.00%	INR	0	0.00	Search	0.00%	0.00	0.00
rent car hubli	Exact match (close variant)	None	03/22/2026 New Campaign	Ad group 1	11	90	12.22%	INR	16.61	182.67	Search	0.00%	0.00	0.00
hubli to goa car rental price	Phrase match	None	LEADS 11/04	Ad group 1	0	3	0.00%	INR	0	0.00	Search	0.00%	0.00	0.00
hubli auto booking	Exact match (close variant)	None	LEADS 11/04	Ad group 1	0	3	0.00%	INR	0	0.00	Search	0.00%	0.00	0.00
taxi hire near me	Exact match (close variant)	None	Campaign #1	Ad group 1	0	1	0.00%	INR	0	0.00	Search	0.00%	0.00	0.00
cap book app	Phrase match (close variant)	None	Campaign #1	Ad group 1	0	2	0.00%	INR	0	0.00	Search	0.00%	0.00	0.00
ola cab book	Phrase match (close variant)	None	Campaign #1	Ad group 1	0	1	0.00%	INR	0	0.00	Search	0.00%	0.00	0.00
self drive cars near me	Broad match	None	Campaign #1	Ad group 1	0	1	0.00%	INR	0	0.00	Search	0.00%	0.00	0.00
near railway station hubli	Broad match	None	Campaign #1	Ad group 1	0	1	0.00%	INR	0	0.00	Search	0.00%	0.00	0.00
car travels in dharwad	Broad match	None	Campaign #1	Ad group 1	0	2	0.00%	INR	0	0.00	Search	0.00%	0.00	0.00
queen travels hubli	Phrase match (close variant)	None	New Campaign 05/03	Car Rental With Driver	0	2	0.00%	INR	0	0.00	Search	0.00%	0.00	0.00
hubli car travels	Broad match	None	Campaign #1	Ad group 1	1	2	50.00%	INR	6.71	6.71	Search	0.00%	0.00	0.00
car rental 24 7	Broad match	None	Campaign #1	Ad group 1	1	1	100.00%	INR	0.34	0.34	Search	0.00%	0.00	0.00
mg showroom hubli	Broad match	None	Campaign #1	Ad group 1	0	4	0.00%	INR	0	0.00	Search	0.00%	0.00	0.00
vehicle rent near me	Broad match	None	Campaign #1	Ad group 1	0	2	0.00%	INR	0	0.00	Search	0.00%	0.00	0.00
hubli cab service	Broad match	None	Campaign #1	Ad group 1	1	12	8.33%	INR	2.51	2.51	Search	0.00%	0.00	0.00
ola car rental	Broad match	None	Campaign #1	Ad group 1	0	3	0.00%	INR	0	0.00	Search	0.00%	0.00	0.00
tempo traveller rent in hubli	Phrase match (close variant)	None	New Campaign 05/03	Car Rental With Driver	0	7	0.00%	INR	0	0.00	Search	0.00%	0.00	0.00
hubli cab services	Exact match (close variant)	None	New Campaign 05/03	Car Rental With Driver	0	2	0.00%	INR	0	0.00	Search	0.00%	0.00	0.00
manikanta cabs hubli	Phrase match (close variant)	None	New Campaign 05/03	Car Rental With Driver	0	7	0.00%	INR	0	0.00	Search	0.00%	0.00	0.00
cab booking hubli	Exact match (close variant)	Added	03/22/2026 New Campaign	Ad group 1	0	4	0.00%	INR	0	0.00	Search	0.00%	0.00	0.00
rapido office hubli	Phrase match (close variant)	None	03/22/2026 New Campaign	Ad group 1	0	1	0.00%	INR	0	0.00	Search	0.00%	0.00	0.00
hubli to dandeli cab price	Phrase match (close variant)	None	03/22/2026 New Campaign	Ad group 1	0	4	0.00%	INR	0	0.00	Search	0.00%	0.00	0.00
drivers for hire in hubli	Broad match	None	Campaign #1	Ad group 1	0	1	0.00%	INR	0	0.00	Search	0.00%	0.00	0.00
rental cars hubli	Exact match (close variant)	None	Campaign #1	Ad group 1	0	2	0.00%	INR	0	0.00	Search	0.00%	0.00	0.00
car taxi near me	Broad match	None	Campaign #1	Ad group 1	0	1	0.00%	INR	0	0.00	Search	0.00%	0.00	0.00
car rentals in hubli	Exact match (close variant)	None	New Campaign 05/03	Car Rental With Driver	4	28	14.29%	INR	94.96	379.82	Search	25.00%	1.00	379.82
hubli taxi service	Exact match	Added	New Campaign 05/03	Taxi Service	7	59	11.86%	INR	24.16	169.11	Search	0.00%	0.00	0.00
hubli to bangalore car	Phrase match (close variant)	None	03/22/2026 New Campaign	Ad group 1	0	1	0.00%	INR	0	0.00	Search	0.00%	0.00	0.00
hubli taxi service rates	Exact match (close variant)	None	03/22/2026 New Campaign	Ad group 1	2	6	33.33%	INR	19.87	39.73	Search	0.00%	0.00	0.00
taxi service in hubli airport	Exact match (close variant)	None	03/22/2026 New Campaign	Ad group 1	0	6	0.00%	INR	0	0.00	Search	0.00%	0.00	0.00
hubli car service	Exact match (close variant)	None	03/22/2026 New Campaign	Ad group 1	0	2	0.00%	INR	0	0.00	Search	0.00%	0.00	0.00
taxi hubli	Exact match (close variant)	None	LEADS 11/04	Ad group 1	3	33	9.09%	INR	23.25	69.76	Search	0.00%	0.00	0.00
mahindra thar rental near me	Broad match	None	Campaign #1	Ad group 1	0	2	0.00%	INR	0	0.00	Search	0.00%	0.00	0.00
hubli car rent	Exact match (close variant)	None	Campaign #1	Ad group 1	0	1	0.00%	INR	0	0.00	Search	0.00%	0.00	0.00
tt booking near me	Broad match	None	Campaign #1	Ad group 1	0	1	0.00%	INR	0	0.00	Search	0.00%	0.00	0.00
taxi service in hubli	Exact match (close variant)	None	New Campaign 05/03	Car Rental With Driver	0	3	0.00%	INR	0	0.00	Search	0.00%	0.00	0.00
best cab service in hubli	Exact match (close variant)	None	New Campaign 05/03	Taxi Service	0	1	0.00%	INR	0	0.00	Search	0.00%	0.00	0.00
hubli cabs services best cab service in hubli best taxi service in hubli dharwad	Exact match (close variant)	None	LEADS 11/04	Ad group 1	0	2	0.00%	INR	0	0.00	Search	0.00%	0.00	0.00
ola uber	Phrase match (close variant)	None	Campaign #1	Ad group 1	0	9	0.00%	INR	0	0.00	Search	0.00%	0.00	0.00
car booking	Broad match	None	Campaign #1	Ad group 1	1	11	9.09%	INR	13.53	13.53	Search	0.00%	0.00	0.00
hubli by road	Broad match	None	Campaign #1	Ad group 1	1	1	100.00%	INR	0.42	0.42	Search	0.00%	0.00	0.00
airport taxi	Exact match	Added	Campaign #1	Ad group 1	0	4	0.00%	INR	0	0.00	Search	0.00%	0.00	0.00
12 seat traveller rent	Broad match	None	Campaign #1	Ad group 1	0	1	0.00%	INR	0	0.00	Search	0.00%	0.00	0.00
rent vehicle near me	Broad match	None	Campaign #1	Ad group 1	0	1	0.00%	INR	0	0.00	Search	0.00%	0.00	0.00
cabs in hubli	Broad match	None	Campaign #1	Ad group 1	0	16	0.00%	INR	0	0.00	Search	0.00%	0.00	0.00
is namma yatri available in hubli	Phrase match (close variant)	None	New Campaign 05/03	Taxi Service	0	2	0.00%	INR	0	0.00	Search	0.00%	0.00	0.00
taxi service in hubli airport	Phrase match (close variant)	None	New Campaign 05/03	Taxi Service	0	1	0.00%	INR	0	0.00	Search	0.00%	0.00	0.00
cars for rent in hubli	Exact match (close variant)	None	03/22/2026 New Campaign	Ad group 1	1	10	10.00%	INR	12.91	12.91	Search	0.00%	0.00	0.00
car rent in hubli	Exact match (close variant)	None	03/22/2026 New Campaign	Ad group 1	7	62	11.29%	INR	15.73	110.11	Search	0.00%	0.00	0.00
rent a car hubli	Exact match (close variant)	None	03/22/2026 New Campaign	Ad group 1	6	42	14.29%	INR	12.81	76.83	Search	0.00%	0.00	0.00
hubli to dandeli taxi	Phrase match (close variant)	None	03/22/2026 New Campaign	Ad group 1	0	1	0.00%	INR	0	0.00	Search	0.00%	0.00	0.00
car rent per km in hubli	Phrase match (close variant)	None	03/22/2026 New Campaign	Ad group 1	0	6	0.00%	INR	0	0.00	Search	0.00%	0.00	0.00
car rentals in hubli	Exact match (close variant)	None	03/22/2026 New Campaign	Ad group 1	1	72	1.39%	INR	19.97	19.97	Search	0.00%	0.00	0.00
force urbania for rent in hubli	Phrase match (close variant)	None	LEADS 11/04	Ad group 1	0	9	0.00%	INR	0	0.00	Search	0.00%	0.00	0.00
hubli nearest tourist places	Broad match	None	Campaign #1	Ad group 1	0	1	0.00%	INR	0	0.00	Search	0.00%	0.00	0.00
maya call taxi phone number	Phrase match (close variant)	None	Campaign #1	Ad group 1	0	1	0.00%	INR	0	0.00	Search	0.00%	0.00	0.00
rido cabs	Broad match	None	Campaign #1	Ad group 1	1	1	100.00%	INR	13.34	13.34	Search	0.00%	0.00	0.00
car rental in hubli without driver	Broad match	None	Campaign #1	Ad group 1	1	6	16.67%	INR	7.05	7.05	Search	0.00%	0.00	0.00
टैक्सी बुकिंग	Broad match	None	Campaign #1	Ad group 1	0	6	0.00%	INR	0	0.00	Search	0.00%	0.00	0.00
hubli to gokarna car rental	Phrase match (close variant)	None	New Campaign 05/03	Car Rental With Driver	0	2	0.00%	INR	0	0.00	Search	0.00%	0.00	0.00
hubli to goa car rental	Phrase match (close variant)	None	03/22/2026 New Campaign	Ad group 1	0	5	0.00%	INR	0	0.00	Search	0.00%	0.00	0.00
zoom car in dharwad	Phrase match (close variant)	None	LEADS 11/04	Ad group 1	0	2	0.00%	INR	0	0.00	Search	0.00%	0.00	0.00
rent cars in hubli	Exact match (close variant)	None	LEADS 11/04	Ad group 1	9	41	21.95%	INR	21.74	195.66	Search	0.00%	0.00	0.00
self driving cars in hubli	Exact match (close variant)	None	Campaign #1	Ad group 1	0	4	0.00%	INR	0	0.00	Search	0.00%	0.00	0.00
taxi service near me	Broad match	None	Campaign #1	Ad group 1	0	5	0.00%	INR	0	0.00	Search	0.00%	0.00	0.00
rental car hubli	Exact match (close variant)	None	Campaign #1	Ad group 1	0	2	0.00%	INR	0	0.00	Search	0.00%	0.00	0.00
car automobiles hubli	Broad match	None	Campaign #1	Ad group 1	0	1	0.00%	INR	0	0.00	Search	0.00%	0.00	0.00
force urbania rental	Broad match	None	Campaign #1	Ad group 1	0	1	0.00%	INR	0	0.00	Search	0.00%	0.00	0.00
tirupati to kanipakam	Broad match	None	Campaign #1	Ad group 1	0	1	0.00%	INR	0	0.00	Search	0.00%	0.00	0.00
car rental hubli	Exact match (close variant)	None	New Campaign 05/03	Taxi Service	2	24	8.33%	INR	13.86	27.72	Search	0.00%	0.00	0.00
hubli dharwad taxi service	Exact match (close variant)	None	LEADS 11/04	Ad group 1	0	26	0.00%	INR	0	0.00	Search	0.00%	0.00	0.00
hubli places to visit	Broad match	None	Campaign #1	Ad group 1	0	2	0.00%	INR	0	0.00	Search	0.00%	0.00	0.00
top rated taxi services near me	Broad match	None	Campaign #1	Ad group 1	0	1	0.00%	INR	0	0.00	Search	0.00%	0.00	0.00
travels in hubli	Broad match	None	Campaign #1	Ad group 1	6	83	7.23%	INR	6.24	37.43	Search	0.00%	0.00	0.00
ओला कैब बुकिंग ऑनलाइन	Broad match	None	Campaign #1	Ad group 1	0	2	0.00%	INR	0	0.00	Search	0.00%	0.00	0.00
car rental rishikesh	Broad match	None	Campaign #1	Ad group 1	1	1	100.00%	INR	84.53	84.53	Search	0.00%	0.00	0.00
car rental hubli price	Exact match (close variant)	None	New Campaign 05/03	Car Rental With Driver	0	12	0.00%	INR	0	0.00	Search	0.00%	0.00	0.00
in hubli rapido available	Phrase match (close variant)	None	New Campaign 05/03	Taxi Service	0	2	0.00%	INR	0	0.00	Search	0.00%	0.00	0.00
taxi service hubli	Exact match (close variant)	None	New Campaign 05/03	Taxi Service	0	20	0.00%	INR	0	0.00	Search	0.00%	0.00	0.00
hubli dharwad cabs	Phrase match (close variant)	None	03/22/2026 New Campaign	Ad group 1	0	1	0.00%	INR	0	0.00	Search	0.00%	0.00	0.00
cab service hubli	Exact match	Added	03/22/2026 New Campaign	Ad group 1	7	122	5.74%	INR	19.35	135.44	Search	0.00%	0.00	0.00
cab booking hubli	Exact match (close variant)	None	LEADS 11/04	Ad group 1	5	24	20.83%	INR	24.29	121.45	Search	0.00%	0.00	0.00
hubli cab service	Exact match (close variant)	None	Campaign #1	Ad group 1	0	1	0.00%	INR	0	0.00	Search	0.00%	0.00	0.00
tempo traveller hubli	Broad match	None	Campaign #1	Ad group 1	0	3	0.00%	INR	0	0.00	Search	0.00%	0.00	0.00
ola uber booking	Phrase match (close variant)	None	Campaign #1	Ad group 1	0	2	0.00%	INR	0	0.00	Search	0.00%	0.00	0.00
taxi app	Broad match	None	Campaign #1	Ad group 1	0	1	0.00%	INR	0	0.00	Search	0.00%	0.00	0.00
rental car hubli	Exact match (close variant)	None	03/22/2026 New Campaign	Ad group 1	3	29	10.34%	INR	14.05	42.16	Search	0.00%	0.00	0.00
hubli to gokarna cab price	Phrase match (close variant)	None	03/22/2026 New Campaign	Ad group 1	0	4	0.00%	INR	0	0.00	Search	0.00%	0.00	0.00
hubli to goa cab service	Phrase match (close variant)	None	03/22/2026 New Campaign	Ad group 1	1	2	50.00%	INR	19.44	19.44	Search	0.00%	0.00	0.00
hubli cab service	Exact match (close variant)	None	03/22/2026 New Campaign	Ad group 1	2	82	2.44%	INR	17.08	34.16	Search	0.00%	0.00	0.00
shashi cabs hubli	Phrase match (close variant)	None	LEADS 11/04	Ad group 1	0	8	0.00%	INR	0	0.00	Search	0.00%	0.00	0.00
car rent per km in hubli	Exact match (close variant)	None	LEADS 11/04	Ad group 1	0	8	0.00%	INR	0	0.00	Search	0.00%	0.00	0.00
taxi service in tatanagar	Phrase match (close variant)	None	Campaign #1	Ad group 1	0	1	0.00%	INR	0	0.00	Search	0.00%	0.00	0.00
hubli to ulavi	Broad match	None	Campaign #1	Ad group 1	0	1	0.00%	INR	0	0.00	Search	0.00%	0.00	0.00
ola cab booking price	Phrase match (close variant)	None	Campaign #1	Ad group 1	0	1	0.00%	INR	0	0.00	Search	0.00%	0.00	0.00
cab booking	Exact match (close variant)	None	Campaign #1	Ad group 1	1	13	7.69%	INR	97.47	97.47	Search	0.00%	0.00	0.00
vehicle rental near me	Broad match	None	Campaign #1	Ad group 1	0	3	0.00%	INR	0	0.00	Search	0.00%	0.00	0.00
travel car booking	Phrase match (close variant)	None	Campaign #1	Ad group 1	0	1	0.00%	INR	0	0.00	Search	0.00%	0.00	0.00
cab for rent near me	Broad match	None	Campaign #1	Ad group 1	0	1	0.00%	INR	0	0.00	Search	0.00%	0.00	0.00
nearby cab service	Phrase match (close variant)	None	Campaign #1	Ad group 1	0	2	0.00%	INR	0	0.00	Search	0.00%	0.00	0.00
rapido cab booking	Phrase match (close variant)	None	Campaign #1	Ad group 1	0	1	0.00%	INR	0	0.00	Search	0.00%	0.00	0.00
cab booking	Broad match	None	Campaign #1	Ad group 1	0	19	0.00%	INR	0	0.00	Search	0.00%	0.00	0.00
hubli to gokarna cab	Phrase match (close variant)	None	03/22/2026 New Campaign	Ad group 1	0	3	0.00%	INR	0	0.00	Search	0.00%	0.00	0.00
car on rent in hubli	Exact match (close variant)	None	LEADS 11/04	Ad group 1	3	16	18.75%	INR	24.35	73.06	Search	0.00%	0.00	0.00
taxi rates in hubli	Broad match	None	Campaign #1	Ad group 1	0	3	0.00%	INR	0	0.00	Search	0.00%	0.00	0.00
hubli taxi service rates	Broad match	None	Campaign #1	Ad group 1	1	3	33.33%	INR	44.76	44.76	Search	0.00%	0.00	0.00
hubli ganesh travels	Broad match	None	Campaign #1	Ad group 1	0	1	0.00%	INR	0	0.00	Search	0.00%	0.00	0.00
innova rental	Broad match	None	Campaign #1	Ad group 1	0	1	0.00%	INR	0	0.00	Search	0.00%	0.00	0.00
cab services in hubli	Broad match	None	Campaign #1	Ad group 1	0	9	0.00%	INR	0	0.00	Search	0.00%	0.00	0.00
taxi in hubli	Exact match (close variant)	None	New Campaign 05/03	Taxi Service	1	28	3.57%	INR	19.94	19.94	Search	0.00%	0.00	0.00
hubli airport to dharwad taxi charges	Phrase match (close variant)	None	LEADS 11/04	Ad group 1	0	2	0.00%	INR	0	0.00	Search	0.00%	0.00	0.00
winger for rent	Broad match	None	Campaign #1	Ad group 1	0	1	0.00%	INR	0	0.00	Search	0.00%	0.00	0.00
rapido book online	Phrase match (close variant)	None	Campaign #1	Ad group 1	0	1	0.00%	INR	0	0.00	Search	0.00%	0.00	0.00
local car rentals near me	Broad match	None	Campaign #1	Ad group 1	0	1	0.00%	INR	0	0.00	Search	0.00%	0.00	0.00
car rent hubli	Exact match (close variant)	None	Campaign #1	Ad group 1	0	8	0.00%	INR	0	0.00	Search	0.00%	0.00	0.00
ola cab	Broad match	None	Campaign #1	Ad group 1	0	11	0.00%	INR	0	0.00	Search	0.00%	0.00	0.00
bhada gadi app	Phrase match (close variant)	None	Campaign #1	Ad group 1	0	1	0.00%	INR	0	0.00	Search	0.00%	0.00	0.00
hubli taxi service rates	Phrase match	None	New Campaign 05/03	Taxi Service	0	1	0.00%	INR	0	0.00	Search	0.00%	0.00	0.00
hubli cabs tours and travels	Exact match (close variant)	None	LEADS 11/04	Ad group 1	1	8	12.50%	INR	23.25	23.25	Search	0.00%	0.00	0.00
hubli taxi service	Exact match (close variant)	Added	LEADS 11/04	Ad group 1	0	10	0.00%	INR	0	0.00	Search	0.00%	0.00	0.00
hubli to goa taxi price	Broad match	None	Campaign #1	Ad group 1	0	1	0.00%	INR	0	0.00	Search	0.00%	0.00	0.00
rental innova car	Broad match	None	Campaign #1	Ad group 1	0	1	0.00%	INR	0	0.00	Search	0.00%	0.00	0.00
rent a car in hubli	Exact match (close variant)	None	03/22/2026 New Campaign	Ad group 1	9	20	45.00%	INR	15.49	139.38	Search	0.00%	0.00	0.00
rapido in hubli	Phrase match (close variant)	None	03/22/2026 New Campaign	Ad group 1	5	226	2.21%	INR	19.58	97.89	Search	0.00%	0.00	0.00
hubli car rental outstation	Phrase match	None	LEADS 11/04	Ad group 1	0	1	0.00%	INR	0	0.00	Search	0.00%	0.00	0.00
hubli car rental with driver	Exact match (close variant)	None	LEADS 11/04	Ad group 1	0	3	0.00%	INR	0	0.00	Search	0.00%	0.00	0.00
hubli tempo traveller	Phrase match (close variant)	None	LEADS 11/04	Ad group 1	0	3	0.00%	INR	0	0.00	Search	0.00%	0.00	0.00
cabs	Broad match	None	Campaign #1	Ad group 1	0	6	0.00%	INR	0	0.00	Search	0.00%	0.00	0.00
traveller booking	Broad match	None	Campaign #1	Ad group 1	1	1	100.00%	INR	9.65	9.65	Search	0.00%	0.00	0.00
rental cars hubli	Exact match (close variant)	None	New Campaign 05/03	Car Rental With Driver	6	29	20.69%	INR	29.07	174.43	Search	0.00%	0.00	0.00
hubli car rent	Exact match (close variant)	None	New Campaign 05/03	Taxi Service	1	2	50.00%	INR	6.74	6.74	Search	0.00%	0.00	0.00
best taxi service in hubli	Exact match (close variant)	None	New Campaign 05/03	Taxi Service	1	21	4.76%	INR	19.37	19.37	Search	0.00%	0.00	0.00
hubli car travels	Exact match (close variant)	None	03/22/2026 New Campaign	Ad group 1	3	18	16.67%	INR	18.64	55.91	Search	0.00%	0.00	0.00
hubli local taxi service	Exact match (close variant)	None	03/22/2026 New Campaign	Ad group 1	0	11	0.00%	INR	0	0.00	Search	0.00%	0.00	0.00
car rentals in hubli	Exact match (close variant)	None	LEADS 11/04	Ad group 1	9	134	6.72%	INR	21.60	194.40	Search	0.00%	0.00	0.00
